country_code,country_name,region,sub-region,intermediate-region,year,life_expectancy_women,life_expectancy_men
AFG,AFGANISTÁN,ASIA,SOUTHERN ASIA,Unknown,2023,65.9293,59.55980000000005
ALB,ALBANIA,EUROPE,SOUTHERN EUROPE,Unknown,2023,79.38600000000007,74.54550000000003
DEU,ALEMANIA,EUROPE,WESTERN EUROPE,Unknown,2023,83.26299999999996,78.40839999999994
AGO,ANGOLA,AFRICA,SUB-SAHARAN AFRICA,MIDDLE AFRICA,2023,64.53170000000001,59.291400000000046
ATG,ANTIGUA Y BARBUDA,AMERICAS,LATIN AMERICA AND THE CARIBBEAN,CARIBBEAN,2023,81.3273,76.26020000000008
SAU,ARABIA SAUDITA,ASIA,WESTERN ASIA,Unknown,2023,79.14450000000002,76.18410000000006
DZA,ARGELIA,AFRICA,NORTHERN AFRICA,Unknown,2023,78.10700000000003,75.4266000000001
ARG,ARGENTINA,AMERICAS,LATIN AMERICA AND THE CARIBBEAN,SOUTH AMERICA,2023,79.29859999999991,72.70020000000012
ARM,ARMENIA,ASIA,WESTERN ASIA,Unknown,2023,78.40159999999992,68.08659999999999
ABW,ARUBA,AMERICAS,LATIN AMERICA AND THE CARIBBEAN,CARIBBEAN,2023,77.76460000000009,72.2472000000001
AUS,AUSTRALIA,OCEANIA,AUSTRALIA AND NEW ZEALAND,Unknown,2023,85.30900000000001,81.22599999999994
AUT,AUSTRIA,EUROPE,WESTERN EUROPE,Unknown,2023,83.61699999999999,78.94200000000012
AZE,AZERBAIYÁN,ASIA,WESTERN ASIA,Unknown,2023,75.3183,68.98760000000007
BHS,BAHAMAS,AMERICAS,LATIN AMERICA AND THE CARIBBEAN,CARIBBEAN,2023,77.23370000000011,70.12030000000011
BHR,BAHREIN,ASIA,WESTERN ASIA,Unknown,2023,80.41980000000005,78.17339999999994
BGD,BANGLADESH,ASIA,SOUTHERN ASIA,Unknown,2023,75.46910000000014,71.20410000000011
BRB,BARBADOS,AMERICAS,LATIN AMERICA AND THE CARIBBEAN,CARIBBEAN,2023,79.30089999999996,75.62220000000008
BLR,BELARÚS,EUROPE,EASTERN EUROPE,Unknown,2023,78.27200000000003,67.8456000000001
BLZ,BELICE,AMERICAS,LATIN AMERICA AND THE CARIBBEAN,CENTRAL AMERICA,2023,75.13009999999994,68.40990000000002
BEN,BENIN,AFRICA,SUB-SAHARAN AFRICA,WESTERN AFRICA,2023,61.61450000000004,58.325600000000094
BMU,BERMUDAS,AMERICAS,NORTHERN AMERICA,Unknown,2023,84.08580000000009,77.8019999999999
BTN,BHUTÁN,ASIA,SOUTHERN ASIA,Unknown,2023,73.65959999999994,70.03759999999996
BOL,BOLIVIA,AMERICAS,LATIN AMERICA AND THE CARIBBEAN,SOUTH AMERICA,2023,67.82729999999998,62.08070000000012
BIH,BOSNIA Y HERZEGOVINA,EUROPE,SOUTHERN EUROPE,Unknown,2023,77.66859999999998,73.36970000000005
BWA,BOTSWANA,AFRICA,SUB-SAHARAN AFRICA,SOUTHERN AFRICA,2023,67.10269999999998,62.143299999999954
BRA,BRASIL,AMERICAS,LATIN AMERICA AND THE CARIBBEAN,SOUTH AMERICA,2023,76.60160000000015,70.23480000000009
BRN,BRUNEI DARUSSALAM,ASIA,SOUTH-EASTERN ASIA,Unknown,2023,76.8217,72.55490000000015
BGR,BULGARIA,EUROPE,EASTERN EUROPE,Unknown,2023,77.31770000000013,70.03720000000008
BFA,BURKINA FASO,AFRICA,SUB-SAHARAN AFRICA,WESTERN AFRICA,2023,61.459500000000055,57.85759999999993
BDI,BURUNDI,AFRICA,SUB-SAHARAN AFRICA,EASTERN AFRICA,2023,63.81739999999994,59.93999999999997
BEL,BÉLGICA,EUROPE,WESTERN EUROPE,Unknown,2023,83.86499999999992,79.44400000000006
CPV,CABO VERDE,AFRICA,SUB-SAHARAN AFRICA,WESTERN AFRICA,2023,78.93610000000011,70.1776
KHM,CAMBOYA,ASIA,SOUTH-EASTERN ASIA,Unknown,2023,72.90199999999994,67.21519999999994
CMR,CAMERÚN,AFRICA,SUB-SAHARAN AFRICA,MIDDLE AFRICA,2023,62.46290000000011,59.30680000000004
CAN,CANADÁ,AMERICAS,NORTHERN AMERICA,Unknown,2023,83.74670000000002,79.20849999999997
TCD,CHAD,AFRICA,SUB-SAHARAN AFRICA,MIDDLE AFRICA,2023,54.74760000000004,51.23740000000008
CHL,CHILE,AMERICAS,LATIN AMERICA AND THE CARIBBEAN,SOUTH AMERICA,2023,81.66519999999998,76.84339999999997
CHN,CHINA,ASIA,EASTERN ASIA,Unknown,2023,81.22740000000007,75.78580000000004
CYP,CHIPRE,ASIA,WESTERN ASIA,Unknown,2023,83.50160000000001,79.74009999999997
COL,COLOMBIA,AMERICAS,LATIN AMERICA AND THE CARIBBEAN,SOUTH AMERICA,2023,77.23910000000005,70.43529999999993
COM,COMORAS,AFRICA,SUB-SAHARAN AFRICA,EASTERN AFRICA,2023,66.02770000000005,61.51740000000002
COG,"CONGO, REPÚBLICA DEL",AFRICA,SUB-SAHARAN AFRICA,MIDDLE AFRICA,2023,64.70989999999989,61.726200000000055
COD,"CONGO, REPÚBLICA DEMOCRÁTICA DEL",AFRICA,SUB-SAHARAN AFRICA,MIDDLE AFRICA,2023,61.93210000000009,57.52240000000006
KOR,"COREA, REPÚBLICA DE",ASIA,EASTERN ASIA,Unknown,2023,85.93900000000012,80.13499999999993
PRK,"COREA, REPÚBLICA POPULAR DEMOCRÁTICA DE",ASIA,EASTERN ASIA,Unknown,2023,76.26719999999992,70.87450000000001
CRI,COSTA RICA,AMERICAS,LATIN AMERICA AND THE CARIBBEAN,CENTRAL AMERICA,2023,80.15140000000002,74.9721000000001
HRV,CROACIA,EUROPE,SOUTHERN EUROPE,Unknown,2023,80.32599999999995,74.12820000000005
CUB,CUBA,AMERICAS,LATIN AMERICA AND THE CARIBBEAN,CARIBBEAN,2023,79.61360000000008,74.72209999999998
CUW,CURACAO,AMERICAS,LATIN AMERICA AND THE CARIBBEAN,CARIBBEAN,2023,80.21110000000004,74.72739999999996
CIV,CÔTE D'IVOIRE,AFRICA,SUB-SAHARAN AFRICA,WESTERN AFRICA,2023,60.228899999999996,57.65059999999993
DNK,DINAMARCA,EUROPE,NORTHERN EUROPE,Unknown,2023,83.10399999999996,79.5092
DJI,DJIBOUTI,AFRICA,SUB-SAHARAN AFRICA,EASTERN AFRICA,2023,65.43050000000005,60.21230000000002
DMA,DOMINICA,AMERICAS,LATIN AMERICA AND THE CARIBBEAN,CARIBBEAN,2023,76.56459999999997,69.99620000000006
ECU,ECUADOR,AMERICAS,LATIN AMERICA AND THE CARIBBEAN,SOUTH AMERICA,2023,79.4468999999999,73.74490000000011
EGY,"EGIPTO, REPÚBLICA ÁRABE DE",AFRICA,NORTHERN AFRICA,Unknown,2023,72.6905000000001,67.98899999999993
SLV,EL SALVADOR,AMERICAS,LATIN AMERICA AND THE CARIBBEAN,CENTRAL AMERICA,2023,75.96060000000007,66.64710000000002
ARE,EMIRATOS ÁRABES UNIDOS,ASIA,WESTERN ASIA,Unknown,2023,81.2321999999999,77.59110000000007
ERI,ERITREA,AFRICA,SUB-SAHARAN AFRICA,EASTERN AFRICA,2023,68.75850000000004,64.48290000000001
SVN,ESLOVENIA,EUROPE,SOUTHERN EUROPE,Unknown,2023,83.94370000000013,78.39300000000009
ESP,ESPAÑA,EUROPE,SOUTHERN EUROPE,Unknown,2023,85.88499999999988,80.3861999999999
USA,ESTADOS UNIDOS,AMERICAS,NORTHERN AMERICA,Unknown,2023,80.04799999999993,74.57400000000008
EST,ESTONIA,EUROPE,NORTHERN EUROPE,Unknown,2023,82.24799999999988,73.5700999999999
SWZ,ESWATINI,AFRICA,SUB-SAHARAN AFRICA,SOUTHERN AFRICA,2023,61.21550000000006,53.41949999999994
ETH,ETIOPÍA,AFRICA,SUB-SAHARAN AFRICA,EASTERN AFRICA,2023,68.71659999999991,62.45769999999993
RUS,FEDERACIÓN DE RUSIA,EUROPE,EASTERN EUROPE,Unknown,2023,76.93450000000016,66.85229999999996
FJI,FIJI,OCEANIA,MELANESIA,Unknown,2023,69.83489999999992,66.25590000000005
PHL,FILIPINAS,ASIA,SOUTH-EASTERN ASIA,Unknown,2023,73.54399999999998,69.32660000000003
FIN,FINLANDIA,EUROPE,NORTHERN EUROPE,Unknown,2023,84.21890000000009,78.86399999999995
FRA,FRANCIA,EUROPE,WESTERN EUROPE,Unknown,2023,85.31299999999992,79.41999999999993
GAB,GABÓN,AFRICA,SUB-SAHARAN AFRICA,MIDDLE AFRICA,2023,68.4964999999999,63.53219999999993
GMB,GAMBIA,AFRICA,SUB-SAHARAN AFRICA,WESTERN AFRICA,2023,64.13160000000003,61.24729999999991
GEO,GEORGIA,ASIA,WESTERN ASIA,Unknown,2023,76.73410000000003,67.29170000000008
GHA,GHANA,AFRICA,SUB-SAHARAN AFRICA,WESTERN AFRICA,2023,66.12220000000009,61.720100000000095
GIB,GIBRALTAR,EUROPE,SOUTHERN EUROPE,Unknown,2023,83.83319999999989,79.81410000000005
GRD,GRANADA,AMERICAS,LATIN AMERICA AND THE CARIBBEAN,CARIBBEAN,2023,78.37600000000003,72.72220000000007
GRC,GRECIA,EUROPE,SOUTHERN EUROPE,Unknown,2023,83.42490000000005,78.36420000000008
GRL,GROENLANDIA,AMERICAS,NORTHERN AMERICA,Unknown,2023,73.59739999999995,69.71210000000009
GUM,GUAM,OCEANIA,MICRONESIA,Unknown,2023,81.71490000000004,74.1392
GTM,GUATEMALA,AMERICAS,LATIN AMERICA AND THE CARIBBEAN,CENTRAL AMERICA,2023,72.53879999999998,66.32209999999993
GIN,GUINEA,AFRICA,SUB-SAHARAN AFRICA,WESTERN AFRICA,2023,60.2569999999999,57.64470000000006
GNQ,GUINEA ECUATORIAL,AFRICA,SUB-SAHARAN AFRICA,MIDDLE AFRICA,2023,63.09680000000002,59.2403
GNB,GUINEA-BISSAU,AFRICA,SUB-SAHARAN AFRICA,WESTERN AFRICA,2023,62.063800000000064,57.60420000000006
GUY,GUYANA,AMERICAS,LATIN AMERICA AND THE CARIBBEAN,SOUTH AMERICA,2023,69.81199999999991,63.24419999999995
HTI,HAITÍ,AMERICAS,LATIN AMERICA AND THE CARIBBEAN,CARIBBEAN,2023,66.62349999999988,60.81890000000002
HND,HONDURAS,AMERICAS,LATIN AMERICA AND THE CARIBBEAN,CENTRAL AMERICA,2023,72.89709999999992,68.76660000000005
HKG,"HONG KONG, REGIÓN ADMINISTRATIVA ESPECIAL",ASIA,EASTERN ASIA,Unknown,2023,87.04610000000011,81.4437999999999
HUN,HUNGRÍA,EUROPE,EASTERN EUROPE,Unknown,2023,79.13160000000002,72.15829999999991
IND,INDIA,ASIA,SOUTHERN ASIA,Unknown,2023,69.46810000000004,66.47530000000012
IDN,INDONESIA,ASIA,SOUTH-EASTERN ASIA,Unknown,2023,70.12519999999988,66.27840000000006
IRQ,IRAQ,ASIA,WESTERN ASIA,Unknown,2023,73.02899999999991,68.78279999999992
IRL,IRLANDA,EUROPE,NORTHERN EUROPE,Unknown,2023,84.56499999999988,81.07100000000008
IRN,"IRÁN, REPÚBLICA ISLÁMICA DEL",ASIA,SOUTHERN ASIA,Unknown,2023,77.61789999999996,72.08410000000005
IMN,ISLA DE MAN,EUROPE,NORTHERN EUROPE,Unknown,2023,82.67179999999983,78.95309999999999
MAF,ISLA DE SAN MARTÍN (PARTE FRANCESA),AMERICAS,LATIN AMERICA AND THE CARIBBEAN,CARIBBEAN,2023,83.59689999999993,77.27700000000003
ISL,ISLANDIA,EUROPE,NORTHERN EUROPE,Unknown,2023,83.8369999999999,81.23600000000005
CYM,ISLAS CAIMÁN,AMERICAS,LATIN AMERICA AND THE CARIBBEAN,CARIBBEAN,2023,82.74549999999992,78.2119999999999
FRO,ISLAS FEROE,EUROPE,NORTHERN EUROPE,Unknown,2023,84.99999999999993,81.1280000000001
MHL,ISLAS MARSHALL,OCEANIA,MICRONESIA,Unknown,2023,67.19640000000005,63.61950000000004
SLB,ISLAS SALOMÓN,OCEANIA,MELANESIA,Unknown,2023,72.19499999999995,69.1722
TCA,ISLAS TURCAS Y CAICOS,AMERICAS,LATIN AMERICA AND THE CARIBBEAN,CARIBBEAN,2023,77.89169999999986,72.37390000000009
VIR,ISLAS VÍRGENES (EE.UU.),AMERICAS,LATIN AMERICA AND THE CARIBBEAN,CARIBBEAN,2023,83.58799999999992,76.95600000000013
VGB,ISLAS VÍRGENES BRITÁNICAS,AMERICAS,LATIN AMERICA AND THE CARIBBEAN,CARIBBEAN,2023,78.14520000000009,72.87629999999994
ISR,ISRAEL,ASIA,WESTERN ASIA,Unknown,2023,84.73500000000008,80.63899999999994
ITA,ITALIA,EUROPE,SOUTHERN EUROPE,Unknown,2023,84.98099999999997,80.6619999999999
JAM,JAMAICA,AMERICAS,LATIN AMERICA AND THE CARIBBEAN,CARIBBEAN,2023,72.7905999999999,68.83489999999996
JPN,JAPÓN,ASIA,EASTERN ASIA,Unknown,2023,87.10960000000009,81.12600000000005
JOR,JORDANIA,ASIA,WESTERN ASIA,Unknown,2023,76.81160000000008,72.22849999999995
KAZ,KAZAJSTÁN,ASIA,CENTRAL ASIA,Unknown,2023,77.61849999999993,69.50850000000011
KEN,KENYA,AFRICA,SUB-SAHARAN AFRICA,EASTERN AFRICA,2023,64.62709999999997,59.64019999999993
KGZ,KIRGUISTÁN,ASIA,CENTRAL ASIA,Unknown,2023,76.85680000000006,68.68880000000004
KIR,KIRIBATI,OCEANIA,MICRONESIA,Unknown,2023,69.2585000000001,65.6431999999999
KWT,KUWAIT,ASIA,WESTERN ASIA,Unknown,2023,81.00940000000003,77.18690000000001
LSO,LESOTHO,AFRICA,SUB-SAHARAN AFRICA,SOUTHERN AFRICA,2023,56.14150000000004,50.58969999999999
LVA,LETONIA,EUROPE,NORTHERN EUROPE,Unknown,2023,79.4860000000001,70.01400000000007
LBR,LIBERIA,AFRICA,SUB-SAHARAN AFRICA,WESTERN AFRICA,2023,62.28350000000006,59.63500000000006
LBY,LIBIA,AFRICA,NORTHERN AFRICA,Unknown,2023,74.97680000000013,69.81379999999989
LIE,LIECHTENSTEIN,EUROPE,WESTERN EUROPE,Unknown,2023,85.58200000000006,82.6730000000001
LTU,LITUANIA,EUROPE,NORTHERN EUROPE,Unknown,2023,80.0010000000001,70.852
LUX,LUXEMBURGO,EUROPE,WESTERN EUROPE,Unknown,2023,85.16800000000008,80.64899999999993
LBN,LÍBANO,ASIA,WESTERN ASIA,Unknown,2023,77.55470000000008,73.40829999999994
MKD,MACEDONIA DEL NORTE,EUROPE,SOUTHERN EUROPE,Unknown,2023,76.5143999999999,72.03320000000005
MDG,MADAGASCAR,AFRICA,SUB-SAHARAN AFRICA,EASTERN AFRICA,2023,67.49389999999993,62.8397
MYS,MALASIA,ASIA,SOUTH-EASTERN ASIA,Unknown,2023,78.41300000000007,73.6082999999999
MWI,MALAWI,AFRICA,SUB-SAHARAN AFRICA,EASTERN AFRICA,2023,66.55659999999997,59.639699999999955
MDV,MALDIVAS,ASIA,SOUTHERN ASIA,Unknown,2023,81.41350000000011,79.71600000000012
MLT,MALTA,EUROPE,SOUTHERN EUROPE,Unknown,2023,84.6760000000001,80.68799999999993
MLI,MALÍ,AFRICA,SUB-SAHARAN AFRICA,WESTERN AFRICA,2023,60.58599999999992,57.95769999999997
MAR,MARRUECOS,AFRICA,NORTHERN AFRICA,Unknown,2023,76.73530000000007,72.58489999999992
MUS,MAURICIO,AFRICA,SUB-SAHARAN AFRICA,EASTERN AFRICA,2023,77.19780000000003,70.24310000000004
MRT,MAURITANIA,AFRICA,SUB-SAHARAN AFRICA,WESTERN AFRICA,2023,65.86109999999994,62.7931
FSM,MICRONESIA (ESTADOS FEDERADOS DE),OCEANIA,MICRONESIA,Unknown,2023,74.75909999999992,67.29849999999993
MNG,MONGOLIA,ASIA,EASTERN ASIA,Unknown,2023,76.86900000000004,67.63339999999997
MNE,MONTENEGRO,EUROPE,SOUTHERN EUROPE,Unknown,2023,78.61400000000009,73.16759999999992
MOZ,MOZAMBIQUE,AFRICA,SUB-SAHARAN AFRICA,EASTERN AFRICA,2023,62.757299999999944,56.589699999999965
MMR,MYANMAR,ASIA,SOUTH-EASTERN ASIA,Unknown,2023,70.52439999999986,63.82990000000006
MEX,MÉXICO,AMERICAS,LATIN AMERICA AND THE CARIBBEAN,CENTRAL AMERICA,2023,77.44219999999993,70.44060000000009
NAM,NAMIBIA,AFRICA,SUB-SAHARAN AFRICA,SOUTHERN AFRICA,2023,62.517099999999886,55.44930000000006
NRU,NAURU,OCEANIA,MICRONESIA,Unknown,2023,67.68810000000009,60.394200000000126
NPL,NEPAL,ASIA,SOUTHERN ASIA,Unknown,2023,71.67239999999988,67.90179999999991
NIC,NICARAGUA,AMERICAS,LATIN AMERICA AND THE CARIBBEAN,CENTRAL AMERICA,2023,77.23410000000014,71.29959999999994
NGA,NIGERIA,AFRICA,SUB-SAHARAN AFRICA,WESTERN AFRICA,2023,53.87350000000001,52.95240000000007
NOR,NORUEGA,EUROPE,NORTHERN EUROPE,Unknown,2023,84.46059999999994,81.19529999999999
NCL,NUEVA CALEDONIA,OCEANIA,MELANESIA,Unknown,2023,84.12659999999991,76.8245999999999
NZL,NUEVA ZELANDIA,OCEANIA,AUSTRALIA AND NEW ZEALAND,Unknown,2023,84.3279999999999,81.10319999999989
NER,NÍGER,AFRICA,SUB-SAHARAN AFRICA,WESTERN AFRICA,2023,63.081999999999915,60.793999999999954
OMN,OMÁN,ASIA,WESTERN ASIA,Unknown,2023,76.2860000000001,72.35239999999989
PAK,PAKISTÁN,ASIA,SOUTHERN ASIA,Unknown,2023,69.32930000000002,64.08140000000004
PLW,PALAU,OCEANIA,MICRONESIA,Unknown,2023,69.00050000000009,64.34710000000008
PAN,PANAMÁ,AMERICAS,LATIN AMERICA AND THE CARIBBEAN,CENTRAL AMERICA,2023,79.89820000000007,73.44189999999995
PNG,PAPUA NUEVA GUINEA,OCEANIA,MELANESIA,Unknown,2023,68.90560000000006,63.24250000000001
PRY,PARAGUAY,AMERICAS,LATIN AMERICA AND THE CARIBBEAN,SOUTH AMERICA,2023,73.89479999999995,68.12370000000007
NLD,PAÍSES BAJOS,EUROPE,WESTERN EUROPE,Unknown,2023,83.17599999999995,80.37600000000002
PER,PERÚ,AMERICAS,LATIN AMERICA AND THE CARIBBEAN,SOUTH AMERICA,2023,75.5996,71.46659999999996
PYF,POLINESIA FRANCESA,OCEANIA,POLYNESIA,Unknown,2023,85.03439999999989,80.01629999999999
POL,POLONIA,EUROPE,EASTERN EUROPE,Unknown,2023,80.98000000000009,72.9163
PRT,PORTUGAL,EUROPE,SOUTHERN EUROPE,Unknown,2023,84.46999999999998,78.7080000000001
PRI,PUERTO RICO,AMERICAS,LATIN AMERICA AND THE CARIBBEAN,CARIBBEAN,2023,84.01629999999994,75.48459999999993
QAT,QATAR,ASIA,WESTERN ASIA,Unknown,2023,81.95340000000004,79.63460000000012
MAC,"REGIÓN ADMINISTRATIVA ESPECIAL DE MACAO, CHINA",ASIA,EASTERN ASIA,Unknown,2023,87.77699999999986,82.52779999999998
GBR,REINO UNIDO,EUROPE,NORTHERN EUROPE,Unknown,2023,83.3620000000001,79.77629999999986
CAF,REPÚBLICA CENTROAFRICANA,AFRICA,SUB-SAHARAN AFRICA,MIDDLE AFRICA,2023,56.73539999999999,52.19420000000007
CZE,REPÚBLICA CHECA,EUROPE,EASTERN EUROPE,Unknown,2023,81.61960000000002,75.64259999999994
MDA,REPÚBLICA DE MOLDOVA,EUROPE,EASTERN EUROPE,Unknown,2023,73.68589999999998,64.62549999999997
LAO,REPÚBLICA DEMOCRÁTICA POPULAR LAO,ASIA,SOUTH-EASTERN ASIA,Unknown,2023,70.98089999999992,66.7145999999999
DOM,REPÚBLICA DOMINICANA,AMERICAS,LATIN AMERICA AND THE CARIBBEAN,CARIBBEAN,2023,77.12179999999998,70.4079
SVK,REPÚBLICA ESLOVACA,EUROPE,EASTERN EUROPE,Unknown,2023,79.97430000000004,72.98529999999991
SYR,REPÚBLICA ÁRABE SIRIA,ASIA,WESTERN ASIA,Unknown,2023,75.83829999999998,68.68380000000006
PSE,RIBERA OCCIDENTAL Y GAZA,ASIA,WESTERN ASIA,Unknown,2023,76.0230999999999,71.37140000000014
ROU,RUMANIA,EUROPE,EASTERN EUROPE,Unknown,2023,78.67760000000013,70.94129999999997
RWA,RWANDA,AFRICA,SUB-SAHARAN AFRICA,EASTERN AFRICA,2023,68.94119999999988,64.48730000000012
KNA,SAINT KITTS Y NEVIS,AMERICAS,LATIN AMERICA AND THE CARIBBEAN,CARIBBEAN,2023,75.52900000000008,68.53800000000007
WSM,SAMOA,OCEANIA,POLYNESIA,Unknown,2023,75.38289999999998,70.20909999999998
VCT,SAN VICENTE Y LAS GRANADINAS,AMERICAS,LATIN AMERICA AND THE CARIBBEAN,CARIBBEAN,2023,72.36289999999984,67.27509999999994
LCA,SANTA LUCÍA,AMERICAS,LATIN AMERICA AND THE CARIBBEAN,CARIBBEAN,2023,74.96620000000011,68.13340000000001
STP,SANTO TOMÉ Y PRÍNCIPE,AFRICA,SUB-SAHARAN AFRICA,MIDDLE AFRICA,2023,71.49829999999992,65.80070000000005
SEN,SENEGAL,AFRICA,SUB-SAHARAN AFRICA,WESTERN AFRICA,2023,70.10929999999995,65.42620000000004
SRB,SERBIA,EUROPE,SOUTHERN EUROPE,Unknown,2023,77.57539999999992,72.22730000000004
SYC,SEYCHELLES,AFRICA,SUB-SAHARAN AFRICA,EASTERN AFRICA,2023,76.45400000000002,71.5940000000001
SLE,SIERRA LEONA,AFRICA,SUB-SAHARAN AFRICA,WESTERN AFRICA,2023,61.70059999999994,58.96519999999997
SGP,SINGAPUR,ASIA,SOUTH-EASTERN ASIA,Unknown,2023,85.26349999999991,80.70969999999994
SXM,SINT MAARTEN (DUTCH PART),AMERICAS,LATIN AMERICA AND THE CARIBBEAN,CARIBBEAN,2023,76.99170000000005,71.22669999999998
SOM,SOMALIA,AFRICA,SUB-SAHARAN AFRICA,EASTERN AFRICA,2023,57.98899999999993,53.907399999999996
LKA,SRI LANKA,ASIA,SOUTHERN ASIA,Unknown,2023,79.99529999999986,72.88920000000003
ZAF,SUDÁFRICA,AFRICA,SUB-SAHARAN AFRICA,SOUTHERN AFRICA,2023,64.71820000000004,59.12950000000004
SDN,SUDÁN,AFRICA,NORTHERN AFRICA,Unknown,2023,68.10030000000006,62.97970000000001
SSD,SUDÁN DEL SUR,AFRICA,SUB-SAHARAN AFRICA,EASTERN AFRICA,2023,56.99470000000006,53.96759999999997
SWE,SUECIA,EUROPE,NORTHERN EUROPE,Unknown,2023,84.7446,81.37530000000001
CHE,SUIZA,EUROPE,WESTERN EUROPE,Unknown,2023,85.44299999999993,81.81300000000013
SUR,SURINAME,AMERICAS,LATIN AMERICA AND THE CARIBBEAN,SOUTH AMERICA,2023,73.81489999999997,67.40009999999995
THA,TAILANDIA,ASIA,SOUTH-EASTERN ASIA,Unknown,2023,83.59540000000004,75.11750000000008
TZA,TANZANÍA,AFRICA,SUB-SAHARAN AFRICA,EASTERN AFRICA,2023,68.68480000000008,64.15400000000004
TJK,TAYIKISTÁN,ASIA,CENTRAL ASIA,Unknown,2023,73.32740000000008,68.89219999999992
TLS,TIMOR-LESTE,ASIA,SOUTH-EASTERN ASIA,Unknown,2023,70.38360000000007,67.07129999999994
TGO,TOGO,AFRICA,SUB-SAHARAN AFRICA,WESTERN AFRICA,2023,62.184099999999916,60.77019999999991
TON,TONGA,OCEANIA,POLYNESIA,Unknown,2023,73.95519999999993,68.55759999999998
TTO,TRINIDAD Y TOBAGO,AMERICAS,LATIN AMERICA AND THE CARIBBEAN,CARIBBEAN,2023,76.89029999999988,70.76380000000005
TKM,TURKMENISTÁN,ASIA,CENTRAL ASIA,Unknown,2023,72.93570000000003,65.75740000000005
TUR,TURQUÍA,ASIA,WESTERN ASIA,Unknown,2023,80.74759999999999,74.59490000000007
TUV,TUVALU,OCEANIA,POLYNESIA,Unknown,2023,69.25420000000008,60.978400000000036
TUN,TÚNEZ,AFRICA,NORTHERN AFRICA,Unknown,2023,77.56759999999997,71.33449999999992
UKR,UCRANIA,EUROPE,EASTERN EUROPE,Unknown,2023,74.2690999999999,64.23920000000008
UGA,UGANDA,AFRICA,SUB-SAHARAN AFRICA,EASTERN AFRICA,2023,65.20959999999997,60.945699999999945
URY,URUGUAY,AMERICAS,LATIN AMERICA AND THE CARIBBEAN,SOUTH AMERICA,2023,80.9573999999999,73.64799999999987
UZB,UZBEKISTÁN,ASIA,CENTRAL ASIA,Unknown,2023,73.8631,68.66639999999997
VUT,VANUATU,OCEANIA,MELANESIA,Unknown,2023,72.95659999999992,68.42479999999993
VEN,VENEZUELA,AMERICAS,LATIN AMERICA AND THE CARIBBEAN,SOUTH AMERICA,2023,75.39439999999996,66.85730000000007
VNM,VIET NAM,ASIA,SOUTH-EASTERN ASIA,Unknown,2023,79.12679999999995,69.74930000000002
YEM,"YEMEN, REP. DEL",ASIA,WESTERN ASIA,Unknown,2023,67.36050000000006,60.69539999999994
ZMB,ZAMBIA,AFRICA,SUB-SAHARAN AFRICA,EASTERN AFRICA,2023,64.6796000000001,59.07070000000006
ZWE,ZIMBABWE,AFRICA,SUB-SAHARAN AFRICA,EASTERN AFRICA,2023,62.286500000000075,56.61930000000001
AFG,AFGANISTÁN,ASIA,SOUTHERN ASIA,Unknown,2024,65.9293,59.55980000000005
ALB,ALBANIA,EUROPE,SOUTHERN EUROPE,Unknown,2024,79.38600000000007,74.54550000000003
DEU,ALEMANIA,EUROPE,WESTERN EUROPE,Unknown,2024,83.26299999999996,78.40839999999994
AGO,ANGOLA,AFRICA,SUB-SAHARAN AFRICA,MIDDLE AFRICA,2024,64.53170000000001,59.291400000000046
ATG,ANTIGUA Y BARBUDA,AMERICAS,LATIN AMERICA AND THE CARIBBEAN,CARIBBEAN,2024,81.3273,76.26020000000008
SAU,ARABIA SAUDITA,ASIA,WESTERN ASIA,Unknown,2024,79.14450000000002,76.18410000000006
DZA,ARGELIA,AFRICA,NORTHERN AFRICA,Unknown,2024,78.10700000000003,75.4266000000001
ARG,ARGENTINA,AMERICAS,LATIN AMERICA AND THE CARIBBEAN,SOUTH AMERICA,2024,79.29859999999991,72.70020000000012
ARM,ARMENIA,ASIA,WESTERN ASIA,Unknown,2024,78.40159999999992,68.08659999999999
ABW,ARUBA,AMERICAS,LATIN AMERICA AND THE CARIBBEAN,CARIBBEAN,2024,77.76460000000009,72.2472000000001
AUS,AUSTRALIA,OCEANIA,AUSTRALIA AND NEW ZEALAND,Unknown,2024,85.30900000000001,81.22599999999994
AUT,AUSTRIA,EUROPE,WESTERN EUROPE,Unknown,2024,83.61699999999999,78.94200000000012
AZE,AZERBAIYÁN,ASIA,WESTERN ASIA,Unknown,2024,75.3183,68.98760000000007
BHS,BAHAMAS,AMERICAS,LATIN AMERICA AND THE CARIBBEAN,CARIBBEAN,2024,77.23370000000011,70.12030000000011
BHR,BAHREIN,ASIA,WESTERN ASIA,Unknown,2024,80.41980000000005,78.17339999999994
BGD,BANGLADESH,ASIA,SOUTHERN ASIA,Unknown,2024,75.46910000000014,71.20410000000011
BRB,BARBADOS,AMERICAS,LATIN AMERICA AND THE CARIBBEAN,CARIBBEAN,2024,79.30089999999996,75.62220000000008
BLR,BELARÚS,EUROPE,EASTERN EUROPE,Unknown,2024,78.27200000000003,67.8456000000001
BLZ,BELICE,AMERICAS,LATIN AMERICA AND THE CARIBBEAN,CENTRAL AMERICA,2024,75.13009999999994,68.40990000000002
BEN,BENIN,AFRICA,SUB-SAHARAN AFRICA,WESTERN AFRICA,2024,61.61450000000004,58.325600000000094
BMU,BERMUDAS,AMERICAS,NORTHERN AMERICA,Unknown,2024,84.08580000000009,77.8019999999999
BTN,BHUTÁN,ASIA,SOUTHERN ASIA,Unknown,2024,73.65959999999994,70.03759999999996
BOL,BOLIVIA,AMERICAS,LATIN AMERICA AND THE CARIBBEAN,SOUTH AMERICA,2024,67.82729999999998,62.08070000000012
BIH,BOSNIA Y HERZEGOVINA,EUROPE,SOUTHERN EUROPE,Unknown,2024,77.66859999999998,73.36970000000005
BWA,BOTSWANA,AFRICA,SUB-SAHARAN AFRICA,SOUTHERN AFRICA,2024,67.10269999999998,62.143299999999954
BRA,BRASIL,AMERICAS,LATIN AMERICA AND THE CARIBBEAN,SOUTH AMERICA,2024,76.60160000000015,70.23480000000009
BRN,BRUNEI DARUSSALAM,ASIA,SOUTH-EASTERN ASIA,Unknown,2024,76.8217,72.55490000000015
BGR,BULGARIA,EUROPE,EASTERN EUROPE,Unknown,2024,77.31770000000013,70.03720000000008
BFA,BURKINA FASO,AFRICA,SUB-SAHARAN AFRICA,WESTERN AFRICA,2024,61.459500000000055,57.85759999999993
BDI,BURUNDI,AFRICA,SUB-SAHARAN AFRICA,EASTERN AFRICA,2024,63.81739999999994,59.93999999999997
BEL,BÉLGICA,EUROPE,WESTERN EUROPE,Unknown,2024,83.86499999999992,79.44400000000006
CPV,CABO VERDE,AFRICA,SUB-SAHARAN AFRICA,WESTERN AFRICA,2024,78.93610000000011,70.1776
KHM,CAMBOYA,ASIA,SOUTH-EASTERN ASIA,Unknown,2024,72.90199999999994,67.21519999999994
CMR,CAMERÚN,AFRICA,SUB-SAHARAN AFRICA,MIDDLE AFRICA,2024,62.46290000000011,59.30680000000004
CAN,CANADÁ,AMERICAS,NORTHERN AMERICA,Unknown,2024,83.74670000000002,79.20849999999997
TCD,CHAD,AFRICA,SUB-SAHARAN AFRICA,MIDDLE AFRICA,2024,54.74760000000004,51.23740000000008
CHL,CHILE,AMERICAS,LATIN AMERICA AND THE CARIBBEAN,SOUTH AMERICA,2024,81.66519999999998,76.84339999999997
CHN,CHINA,ASIA,EASTERN ASIA,Unknown,2024,81.22740000000007,75.78580000000004
CYP,CHIPRE,ASIA,WESTERN ASIA,Unknown,2024,83.50160000000001,79.74009999999997
COL,COLOMBIA,AMERICAS,LATIN AMERICA AND THE CARIBBEAN,SOUTH AMERICA,2024,77.23910000000005,70.43529999999993
COM,COMORAS,AFRICA,SUB-SAHARAN AFRICA,EASTERN AFRICA,2024,66.02770000000005,61.51740000000002
COG,"CONGO, REPÚBLICA DEL",AFRICA,SUB-SAHARAN AFRICA,MIDDLE AFRICA,2024,64.70989999999989,61.726200000000055
COD,"CONGO, REPÚBLICA DEMOCRÁTICA DEL",AFRICA,SUB-SAHARAN AFRICA,MIDDLE AFRICA,2024,61.93210000000009,57.52240000000006
KOR,"COREA, REPÚBLICA DE",ASIA,EASTERN ASIA,Unknown,2024,85.93900000000012,80.13499999999993
PRK,"COREA, REPÚBLICA POPULAR DEMOCRÁTICA DE",ASIA,EASTERN ASIA,Unknown,2024,76.26719999999992,70.87450000000001
CRI,COSTA RICA,AMERICAS,LATIN AMERICA AND THE CARIBBEAN,CENTRAL AMERICA,2024,80.15140000000002,74.9721000000001
HRV,CROACIA,EUROPE,SOUTHERN EUROPE,Unknown,2024,80.32599999999995,74.12820000000005
CUB,CUBA,AMERICAS,LATIN AMERICA AND THE CARIBBEAN,CARIBBEAN,2024,79.61360000000008,74.72209999999998
CUW,CURACAO,AMERICAS,LATIN AMERICA AND THE CARIBBEAN,CARIBBEAN,2024,80.21110000000004,74.72739999999996
CIV,CÔTE D'IVOIRE,AFRICA,SUB-SAHARAN AFRICA,WESTERN AFRICA,2024,60.228899999999996,57.65059999999993
DNK,DINAMARCA,EUROPE,NORTHERN EUROPE,Unknown,2024,83.10399999999996,79.5092
DJI,DJIBOUTI,AFRICA,SUB-SAHARAN AFRICA,EASTERN AFRICA,2024,65.43050000000005,60.21230000000002
DMA,DOMINICA,AMERICAS,LATIN AMERICA AND THE CARIBBEAN,CARIBBEAN,2024,76.56459999999997,69.99620000000006
ECU,ECUADOR,AMERICAS,LATIN AMERICA AND THE CARIBBEAN,SOUTH AMERICA,2024,79.4468999999999,73.74490000000011
EGY,"EGIPTO, REPÚBLICA ÁRABE DE",AFRICA,NORTHERN AFRICA,Unknown,2024,72.6905000000001,67.98899999999993
SLV,EL SALVADOR,AMERICAS,LATIN AMERICA AND THE CARIBBEAN,CENTRAL AMERICA,2024,75.96060000000007,66.64710000000002
ARE,EMIRATOS ÁRABES UNIDOS,ASIA,WESTERN ASIA,Unknown,2024,81.2321999999999,77.59110000000007
ERI,ERITREA,AFRICA,SUB-SAHARAN AFRICA,EASTERN AFRICA,2024,68.75850000000004,64.48290000000001
SVN,ESLOVENIA,EUROPE,SOUTHERN EUROPE,Unknown,2024,83.94370000000013,78.39300000000009
ESP,ESPAÑA,EUROPE,SOUTHERN EUROPE,Unknown,2024,85.88499999999988,80.3861999999999
USA,ESTADOS UNIDOS,AMERICAS,NORTHERN AMERICA,Unknown,2024,80.04799999999993,74.57400000000008
EST,ESTONIA,EUROPE,NORTHERN EUROPE,Unknown,2024,82.24799999999988,73.5700999999999
SWZ,ESWATINI,AFRICA,SUB-SAHARAN AFRICA,SOUTHERN AFRICA,2024,61.21550000000006,53.41949999999994
ETH,ETIOPÍA,AFRICA,SUB-SAHARAN AFRICA,EASTERN AFRICA,2024,68.71659999999991,62.45769999999993
RUS,FEDERACIÓN DE RUSIA,EUROPE,EASTERN EUROPE,Unknown,2024,76.93450000000016,66.85229999999996
FJI,FIJI,OCEANIA,MELANESIA,Unknown,2024,69.83489999999992,66.25590000000005
PHL,FILIPINAS,ASIA,SOUTH-EASTERN ASIA,Unknown,2024,73.54399999999998,69.32660000000003
FIN,FINLANDIA,EUROPE,NORTHERN EUROPE,Unknown,2024,84.21890000000009,78.86399999999995
FRA,FRANCIA,EUROPE,WESTERN EUROPE,Unknown,2024,85.31299999999992,79.41999999999993
GAB,GABÓN,AFRICA,SUB-SAHARAN AFRICA,MIDDLE AFRICA,2024,68.4964999999999,63.53219999999993
GMB,GAMBIA,AFRICA,SUB-SAHARAN AFRICA,WESTERN AFRICA,2024,64.13160000000003,61.24729999999991
GEO,GEORGIA,ASIA,WESTERN ASIA,Unknown,2024,76.73410000000003,67.29170000000008
GHA,GHANA,AFRICA,SUB-SAHARAN AFRICA,WESTERN AFRICA,2024,66.12220000000009,61.720100000000095
GIB,GIBRALTAR,EUROPE,SOUTHERN EUROPE,Unknown,2024,83.83319999999989,79.81410000000005
GRD,GRANADA,AMERICAS,LATIN AMERICA AND THE CARIBBEAN,CARIBBEAN,2024,78.37600000000003,72.72220000000007
GRC,GRECIA,EUROPE,SOUTHERN EUROPE,Unknown,2024,83.42490000000005,78.36420000000008
GRL,GROENLANDIA,AMERICAS,NORTHERN AMERICA,Unknown,2024,73.59739999999995,69.71210000000009
GUM,GUAM,OCEANIA,MICRONESIA,Unknown,2024,81.71490000000004,74.1392
GTM,GUATEMALA,AMERICAS,LATIN AMERICA AND THE CARIBBEAN,CENTRAL AMERICA,2024,72.53879999999998,66.32209999999993
GIN,GUINEA,AFRICA,SUB-SAHARAN AFRICA,WESTERN AFRICA,2024,60.2569999999999,57.64470000000006
GNQ,GUINEA ECUATORIAL,AFRICA,SUB-SAHARAN AFRICA,MIDDLE AFRICA,2024,63.09680000000002,59.2403
GNB,GUINEA-BISSAU,AFRICA,SUB-SAHARAN AFRICA,WESTERN AFRICA,2024,62.063800000000064,57.60420000000006
GUY,GUYANA,AMERICAS,LATIN AMERICA AND THE CARIBBEAN,SOUTH AMERICA,2024,69.81199999999991,63.24419999999995
HTI,HAITÍ,AMERICAS,LATIN AMERICA AND THE CARIBBEAN,CARIBBEAN,2024,66.62349999999988,60.81890000000002
HND,HONDURAS,AMERICAS,LATIN AMERICA AND THE CARIBBEAN,CENTRAL AMERICA,2024,72.89709999999992,68.76660000000005
HKG,"HONG KONG, REGIÓN ADMINISTRATIVA ESPECIAL",ASIA,EASTERN ASIA,Unknown,2024,87.04610000000011,81.4437999999999
HUN,HUNGRÍA,EUROPE,EASTERN EUROPE,Unknown,2024,79.13160000000002,72.15829999999991
IND,INDIA,ASIA,SOUTHERN ASIA,Unknown,2024,69.46810000000004,66.47530000000012
IDN,INDONESIA,ASIA,SOUTH-EASTERN ASIA,Unknown,2024,70.12519999999988,66.27840000000006
IRQ,IRAQ,ASIA,WESTERN ASIA,Unknown,2024,73.02899999999991,68.78279999999992
IRL,IRLANDA,EUROPE,NORTHERN EUROPE,Unknown,2024,84.56499999999988,81.07100000000008
IRN,"IRÁN, REPÚBLICA ISLÁMICA DEL",ASIA,SOUTHERN ASIA,Unknown,2024,77.61789999999996,72.08410000000005
IMN,ISLA DE MAN,EUROPE,NORTHERN EUROPE,Unknown,2024,82.67179999999983,78.95309999999999
MAF,ISLA DE SAN MARTÍN (PARTE FRANCESA),AMERICAS,LATIN AMERICA AND THE CARIBBEAN,CARIBBEAN,2024,83.59689999999993,77.27700000000003
ISL,ISLANDIA,EUROPE,NORTHERN EUROPE,Unknown,2024,83.8369999999999,81.23600000000005
CYM,ISLAS CAIMÁN,AMERICAS,LATIN AMERICA AND THE CARIBBEAN,CARIBBEAN,2024,82.74549999999992,78.2119999999999
FRO,ISLAS FEROE,EUROPE,NORTHERN EUROPE,Unknown,2024,84.99999999999993,81.1280000000001
MHL,ISLAS MARSHALL,OCEANIA,MICRONESIA,Unknown,2024,67.19640000000005,63.61950000000004
SLB,ISLAS SALOMÓN,OCEANIA,MELANESIA,Unknown,2024,72.19499999999995,69.1722
TCA,ISLAS TURCAS Y CAICOS,AMERICAS,LATIN AMERICA AND THE CARIBBEAN,CARIBBEAN,2024,77.89169999999986,72.37390000000009
VIR,ISLAS VÍRGENES (EE.UU.),AMERICAS,LATIN AMERICA AND THE CARIBBEAN,CARIBBEAN,2024,83.58799999999992,76.95600000000013
VGB,ISLAS VÍRGENES BRITÁNICAS,AMERICAS,LATIN AMERICA AND THE CARIBBEAN,CARIBBEAN,2024,78.14520000000009,72.87629999999994
ISR,ISRAEL,ASIA,WESTERN ASIA,Unknown,2024,84.73500000000008,80.63899999999994
ITA,ITALIA,EUROPE,SOUTHERN EUROPE,Unknown,2024,84.98099999999997,80.6619999999999
JAM,JAMAICA,AMERICAS,LATIN AMERICA AND THE CARIBBEAN,CARIBBEAN,2024,72.7905999999999,68.83489999999996
JPN,JAPÓN,ASIA,EASTERN ASIA,Unknown,2024,87.10960000000009,81.12600000000005
JOR,JORDANIA,ASIA,WESTERN ASIA,Unknown,2024,76.81160000000008,72.22849999999995
KAZ,KAZAJSTÁN,ASIA,CENTRAL ASIA,Unknown,2024,77.61849999999993,69.50850000000011
KEN,KENYA,AFRICA,SUB-SAHARAN AFRICA,EASTERN AFRICA,2024,64.62709999999997,59.64019999999993
KGZ,KIRGUISTÁN,ASIA,CENTRAL ASIA,Unknown,2024,76.85680000000006,68.68880000000004
KIR,KIRIBATI,OCEANIA,MICRONESIA,Unknown,2024,69.2585000000001,65.6431999999999
KWT,KUWAIT,ASIA,WESTERN ASIA,Unknown,2024,81.00940000000003,77.18690000000001
LSO,LESOTHO,AFRICA,SUB-SAHARAN AFRICA,SOUTHERN AFRICA,2024,56.14150000000004,50.58969999999999
LVA,LETONIA,EUROPE,NORTHERN EUROPE,Unknown,2024,79.4860000000001,70.01400000000007
LBR,LIBERIA,AFRICA,SUB-SAHARAN AFRICA,WESTERN AFRICA,2024,62.28350000000006,59.63500000000006
LBY,LIBIA,AFRICA,NORTHERN AFRICA,Unknown,2024,74.97680000000013,69.81379999999989
LIE,LIECHTENSTEIN,EUROPE,WESTERN EUROPE,Unknown,2024,85.58200000000006,82.6730000000001
LTU,LITUANIA,EUROPE,NORTHERN EUROPE,Unknown,2024,80.0010000000001,70.852
LUX,LUXEMBURGO,EUROPE,WESTERN EUROPE,Unknown,2024,85.16800000000008,80.64899999999993
LBN,LÍBANO,ASIA,WESTERN ASIA,Unknown,2024,77.55470000000008,73.40829999999994
MKD,MACEDONIA DEL NORTE,EUROPE,SOUTHERN EUROPE,Unknown,2024,76.5143999999999,72.03320000000005
MDG,MADAGASCAR,AFRICA,SUB-SAHARAN AFRICA,EASTERN AFRICA,2024,67.49389999999993,62.8397
MYS,MALASIA,ASIA,SOUTH-EASTERN ASIA,Unknown,2024,78.41300000000007,73.6082999999999
MWI,MALAWI,AFRICA,SUB-SAHARAN AFRICA,EASTERN AFRICA,2024,66.55659999999997,59.639699999999955
MDV,MALDIVAS,ASIA,SOUTHERN ASIA,Unknown,2024,81.41350000000011,79.71600000000012
MLT,MALTA,EUROPE,SOUTHERN EUROPE,Unknown,2024,84.6760000000001,80.68799999999993
MLI,MALÍ,AFRICA,SUB-SAHARAN AFRICA,WESTERN AFRICA,2024,60.58599999999992,57.95769999999997
MAR,MARRUECOS,AFRICA,NORTHERN AFRICA,Unknown,2024,76.73530000000007,72.58489999999992
MUS,MAURICIO,AFRICA,SUB-SAHARAN AFRICA,EASTERN AFRICA,2024,77.19780000000003,70.24310000000004
MRT,MAURITANIA,AFRICA,SUB-SAHARAN AFRICA,WESTERN AFRICA,2024,65.86109999999994,62.7931
FSM,MICRONESIA (ESTADOS FEDERADOS DE),OCEANIA,MICRONESIA,Unknown,2024,74.75909999999992,67.29849999999993
MNG,MONGOLIA,ASIA,EASTERN ASIA,Unknown,2024,76.86900000000004,67.63339999999997
MNE,MONTENEGRO,EUROPE,SOUTHERN EUROPE,Unknown,2024,78.61400000000009,73.16759999999992
MOZ,MOZAMBIQUE,AFRICA,SUB-SAHARAN AFRICA,EASTERN AFRICA,2024,62.757299999999944,56.589699999999965
MMR,MYANMAR,ASIA,SOUTH-EASTERN ASIA,Unknown,2024,70.52439999999986,63.82990000000006
MEX,MÉXICO,AMERICAS,LATIN AMERICA AND THE CARIBBEAN,CENTRAL AMERICA,2024,77.44219999999993,70.44060000000009
NAM,NAMIBIA,AFRICA,SUB-SAHARAN AFRICA,SOUTHERN AFRICA,2024,62.517099999999886,55.44930000000006
NRU,NAURU,OCEANIA,MICRONESIA,Unknown,2024,67.68810000000009,60.394200000000126
NPL,NEPAL,ASIA,SOUTHERN ASIA,Unknown,2024,71.67239999999988,67.90179999999991
NIC,NICARAGUA,AMERICAS,LATIN AMERICA AND THE CARIBBEAN,CENTRAL AMERICA,2024,77.23410000000014,71.29959999999994
NGA,NIGERIA,AFRICA,SUB-SAHARAN AFRICA,WESTERN AFRICA,2024,53.87350000000001,52.95240000000007
NOR,NORUEGA,EUROPE,NORTHERN EUROPE,Unknown,2024,84.46059999999994,81.19529999999999
NCL,NUEVA CALEDONIA,OCEANIA,MELANESIA,Unknown,2024,84.12659999999991,76.8245999999999
NZL,NUEVA ZELANDIA,OCEANIA,AUSTRALIA AND NEW ZEALAND,Unknown,2024,84.3279999999999,81.10319999999989
NER,NÍGER,AFRICA,SUB-SAHARAN AFRICA,WESTERN AFRICA,2024,63.081999999999915,60.793999999999954
OMN,OMÁN,ASIA,WESTERN ASIA,Unknown,2024,76.2860000000001,72.35239999999989
PAK,PAKISTÁN,ASIA,SOUTHERN ASIA,Unknown,2024,69.32930000000002,64.08140000000004
PLW,PALAU,OCEANIA,MICRONESIA,Unknown,2024,69.00050000000009,64.34710000000008
PAN,PANAMÁ,AMERICAS,LATIN AMERICA AND THE CARIBBEAN,CENTRAL AMERICA,2024,79.89820000000007,73.44189999999995
PNG,PAPUA NUEVA GUINEA,OCEANIA,MELANESIA,Unknown,2024,68.90560000000006,63.24250000000001
PRY,PARAGUAY,AMERICAS,LATIN AMERICA AND THE CARIBBEAN,SOUTH AMERICA,2024,73.89479999999995,68.12370000000007
NLD,PAÍSES BAJOS,EUROPE,WESTERN EUROPE,Unknown,2024,83.17599999999995,80.37600000000002
PER,PERÚ,AMERICAS,LATIN AMERICA AND THE CARIBBEAN,SOUTH AMERICA,2024,75.5996,71.46659999999996
PYF,POLINESIA FRANCESA,OCEANIA,POLYNESIA,Unknown,2024,85.03439999999989,80.01629999999999
POL,POLONIA,EUROPE,EASTERN EUROPE,Unknown,2024,80.98000000000009,72.9163
PRT,PORTUGAL,EUROPE,SOUTHERN EUROPE,Unknown,2024,84.46999999999998,78.7080000000001
PRI,PUERTO RICO,AMERICAS,LATIN AMERICA AND THE CARIBBEAN,CARIBBEAN,2024,84.01629999999994,75.48459999999993
QAT,QATAR,ASIA,WESTERN ASIA,Unknown,2024,81.95340000000004,79.63460000000012
MAC,"REGIÓN ADMINISTRATIVA ESPECIAL DE MACAO, CHINA",ASIA,EASTERN ASIA,Unknown,2024,87.77699999999986,82.52779999999998
GBR,REINO UNIDO,EUROPE,NORTHERN EUROPE,Unknown,2024,83.3620000000001,79.77629999999986
CAF,REPÚBLICA CENTROAFRICANA,AFRICA,SUB-SAHARAN AFRICA,MIDDLE AFRICA,2024,56.73539999999999,52.19420000000007
CZE,REPÚBLICA CHECA,EUROPE,EASTERN EUROPE,Unknown,2024,81.61960000000002,75.64259999999994
MDA,REPÚBLICA DE MOLDOVA,EUROPE,EASTERN EUROPE,Unknown,2024,73.68589999999998,64.62549999999997
LAO,REPÚBLICA DEMOCRÁTICA POPULAR LAO,ASIA,SOUTH-EASTERN ASIA,Unknown,2024,70.98089999999992,66.7145999999999
DOM,REPÚBLICA DOMINICANA,AMERICAS,LATIN AMERICA AND THE CARIBBEAN,CARIBBEAN,2024,77.12179999999998,70.4079
SVK,REPÚBLICA ESLOVACA,EUROPE,EASTERN EUROPE,Unknown,2024,79.97430000000004,72.98529999999991
SYR,REPÚBLICA ÁRABE SIRIA,ASIA,WESTERN ASIA,Unknown,2024,75.83829999999998,68.68380000000006
PSE,RIBERA OCCIDENTAL Y GAZA,ASIA,WESTERN ASIA,Unknown,2024,76.0230999999999,71.37140000000014
ROU,RUMANIA,EUROPE,EASTERN EUROPE,Unknown,2024,78.67760000000013,70.94129999999997
RWA,RWANDA,AFRICA,SUB-SAHARAN AFRICA,EASTERN AFRICA,2024,68.94119999999988,64.48730000000012
KNA,SAINT KITTS Y NEVIS,AMERICAS,LATIN AMERICA AND THE CARIBBEAN,CARIBBEAN,2024,75.52900000000008,68.53800000000007
WSM,SAMOA,OCEANIA,POLYNESIA,Unknown,2024,75.38289999999998,70.20909999999998
VCT,SAN VICENTE Y LAS GRANADINAS,AMERICAS,LATIN AMERICA AND THE CARIBBEAN,CARIBBEAN,2024,72.36289999999984,67.27509999999994
LCA,SANTA LUCÍA,AMERICAS,LATIN AMERICA AND THE CARIBBEAN,CARIBBEAN,2024,74.96620000000011,68.13340000000001
STP,SANTO TOMÉ Y PRÍNCIPE,AFRICA,SUB-SAHARAN AFRICA,MIDDLE AFRICA,2024,71.49829999999992,65.80070000000005
SEN,SENEGAL,AFRICA,SUB-SAHARAN AFRICA,WESTERN AFRICA,2024,70.10929999999995,65.42620000000004
SRB,SERBIA,EUROPE,SOUTHERN EUROPE,Unknown,2024,77.57539999999992,72.22730000000004
SYC,SEYCHELLES,AFRICA,SUB-SAHARAN AFRICA,EASTERN AFRICA,2024,76.45400000000002,71.5940000000001
SLE,SIERRA LEONA,AFRICA,SUB-SAHARAN AFRICA,WESTERN AFRICA,2024,61.70059999999994,58.96519999999997
SGP,SINGAPUR,ASIA,SOUTH-EASTERN ASIA,Unknown,2024,85.26349999999991,80.70969999999994
SXM,SINT MAARTEN (DUTCH PART),AMERICAS,LATIN AMERICA AND THE CARIBBEAN,CARIBBEAN,2024,76.99170000000005,71.22669999999998
SOM,SOMALIA,AFRICA,SUB-SAHARAN AFRICA,EASTERN AFRICA,2024,57.98899999999993,53.907399999999996
LKA,SRI LANKA,ASIA,SOUTHERN ASIA,Unknown,2024,79.99529999999986,72.88920000000003
ZAF,SUDÁFRICA,AFRICA,SUB-SAHARAN AFRICA,SOUTHERN AFRICA,2024,64.71820000000004,59.12950000000004
SDN,SUDÁN,AFRICA,NORTHERN AFRICA,Unknown,2024,68.10030000000006,62.97970000000001
SSD,SUDÁN DEL SUR,AFRICA,SUB-SAHARAN AFRICA,EASTERN AFRICA,2024,56.99470000000006,53.96759999999997
SWE,SUECIA,EUROPE,NORTHERN EUROPE,Unknown,2024,84.7446,81.37530000000001
CHE,SUIZA,EUROPE,WESTERN EUROPE,Unknown,2024,85.44299999999993,81.81300000000013
SUR,SURINAME,AMERICAS,LATIN AMERICA AND THE CARIBBEAN,SOUTH AMERICA,2024,73.81489999999997,67.40009999999995
THA,TAILANDIA,ASIA,SOUTH-EASTERN ASIA,Unknown,2024,83.59540000000004,75.11750000000008
TZA,TANZANÍA,AFRICA,SUB-SAHARAN AFRICA,EASTERN AFRICA,2024,68.68480000000008,64.15400000000004
TJK,TAYIKISTÁN,ASIA,CENTRAL ASIA,Unknown,2024,73.32740000000008,68.89219999999992
TLS,TIMOR-LESTE,ASIA,SOUTH-EASTERN ASIA,Unknown,2024,70.38360000000007,67.07129999999994
TGO,TOGO,AFRICA,SUB-SAHARAN AFRICA,WESTERN AFRICA,2024,62.184099999999916,60.77019999999991
TON,TONGA,OCEANIA,POLYNESIA,Unknown,2024,73.95519999999993,68.55759999999998
TTO,TRINIDAD Y TOBAGO,AMERICAS,LATIN AMERICA AND THE CARIBBEAN,CARIBBEAN,2024,76.89029999999988,70.76380000000005
TKM,TURKMENISTÁN,ASIA,CENTRAL ASIA,Unknown,2024,72.93570000000003,65.75740000000005
TUR,TURQUÍA,ASIA,WESTERN ASIA,Unknown,2024,80.74759999999999,74.59490000000007
TUV,TUVALU,OCEANIA,POLYNESIA,Unknown,2024,69.25420000000008,60.978400000000036
TUN,TÚNEZ,AFRICA,NORTHERN AFRICA,Unknown,2024,77.56759999999997,71.33449999999992
UKR,UCRANIA,EUROPE,EASTERN EUROPE,Unknown,2024,74.2690999999999,64.23920000000008
UGA,UGANDA,AFRICA,SUB-SAHARAN AFRICA,EASTERN AFRICA,2024,65.20959999999997,60.945699999999945
URY,URUGUAY,AMERICAS,LATIN AMERICA AND THE CARIBBEAN,SOUTH AMERICA,2024,80.9573999999999,73.64799999999987
UZB,UZBEKISTÁN,ASIA,CENTRAL ASIA,Unknown,2024,73.8631,68.66639999999997
VUT,VANUATU,OCEANIA,MELANESIA,Unknown,2024,72.95659999999992,68.42479999999993
VEN,VENEZUELA,AMERICAS,LATIN AMERICA AND THE CARIBBEAN,SOUTH AMERICA,2024,75.39439999999996,66.85730000000007
VNM,VIET NAM,ASIA,SOUTH-EASTERN ASIA,Unknown,2024,79.12679999999995,69.74930000000002
YEM,"YEMEN, REP. DEL",ASIA,WESTERN ASIA,Unknown,2024,67.36050000000006,60.69539999999994
ZMB,ZAMBIA,AFRICA,SUB-SAHARAN AFRICA,EASTERN AFRICA,2024,64.6796000000001,59.07070000000006
ZWE,ZIMBABWE,AFRICA,SUB-SAHARAN AFRICA,EASTERN AFRICA,2024,62.286500000000075,56.61930000000001
AFG,AFGANISTÁN,ASIA,SOUTHERN ASIA,Unknown,2025,65.9293,59.55980000000005
ALB,ALBANIA,EUROPE,SOUTHERN EUROPE,Unknown,2025,79.38600000000007,74.54550000000003
DEU,ALEMANIA,EUROPE,WESTERN EUROPE,Unknown,2025,83.26299999999996,78.40839999999994
AGO,ANGOLA,AFRICA,SUB-SAHARAN AFRICA,MIDDLE AFRICA,2025,64.53170000000001,59.291400000000046
ATG,ANTIGUA Y BARBUDA,AMERICAS,LATIN AMERICA AND THE CARIBBEAN,CARIBBEAN,2025,81.3273,76.26020000000008
SAU,ARABIA SAUDITA,ASIA,WESTERN ASIA,Unknown,2025,79.14450000000002,76.18410000000006
DZA,ARGELIA,AFRICA,NORTHERN AFRICA,Unknown,2025,78.10700000000003,75.4266000000001
ARG,ARGENTINA,AMERICAS,LATIN AMERICA AND THE CARIBBEAN,SOUTH AMERICA,2025,79.29859999999991,72.70020000000012
ARM,ARMENIA,ASIA,WESTERN ASIA,Unknown,2025,78.40159999999992,68.08659999999999
ABW,ARUBA,AMERICAS,LATIN AMERICA AND THE CARIBBEAN,CARIBBEAN,2025,77.76460000000009,72.2472000000001
AUS,AUSTRALIA,OCEANIA,AUSTRALIA AND NEW ZEALAND,Unknown,2025,85.30900000000001,81.22599999999994
AUT,AUSTRIA,EUROPE,WESTERN EUROPE,Unknown,2025,83.61699999999999,78.94200000000012
AZE,AZERBAIYÁN,ASIA,WESTERN ASIA,Unknown,2025,75.3183,68.98760000000007
BHS,BAHAMAS,AMERICAS,LATIN AMERICA AND THE CARIBBEAN,CARIBBEAN,2025,77.23370000000011,70.12030000000011
BHR,BAHREIN,ASIA,WESTERN ASIA,Unknown,2025,80.41980000000005,78.17339999999994
BGD,BANGLADESH,ASIA,SOUTHERN ASIA,Unknown,2025,75.46910000000014,71.20410000000011
BRB,BARBADOS,AMERICAS,LATIN AMERICA AND THE CARIBBEAN,CARIBBEAN,2025,79.30089999999996,75.62220000000008
BLR,BELARÚS,EUROPE,EASTERN EUROPE,Unknown,2025,78.27200000000003,67.8456000000001
BLZ,BELICE,AMERICAS,LATIN AMERICA AND THE CARIBBEAN,CENTRAL AMERICA,2025,75.13009999999994,68.40990000000002
BEN,BENIN,AFRICA,SUB-SAHARAN AFRICA,WESTERN AFRICA,2025,61.61450000000004,58.325600000000094
BMU,BERMUDAS,AMERICAS,NORTHERN AMERICA,Unknown,2025,84.08580000000009,77.8019999999999
BTN,BHUTÁN,ASIA,SOUTHERN ASIA,Unknown,2025,73.65959999999994,70.03759999999996
BOL,BOLIVIA,AMERICAS,LATIN AMERICA AND THE CARIBBEAN,SOUTH AMERICA,2025,67.82729999999998,62.08070000000012
BIH,BOSNIA Y HERZEGOVINA,EUROPE,SOUTHERN EUROPE,Unknown,2025,77.66859999999998,73.36970000000005
BWA,BOTSWANA,AFRICA,SUB-SAHARAN AFRICA,SOUTHERN AFRICA,2025,67.10269999999998,62.143299999999954
BRA,BRASIL,AMERICAS,LATIN AMERICA AND THE CARIBBEAN,SOUTH AMERICA,2025,76.60160000000015,70.23480000000009
BRN,BRUNEI DARUSSALAM,ASIA,SOUTH-EASTERN ASIA,Unknown,2025,76.8217,72.55490000000015
BGR,BULGARIA,EUROPE,EASTERN EUROPE,Unknown,2025,77.31770000000013,70.03720000000008
BFA,BURKINA FASO,AFRICA,SUB-SAHARAN AFRICA,WESTERN AFRICA,2025,61.459500000000055,57.85759999999993
BDI,BURUNDI,AFRICA,SUB-SAHARAN AFRICA,EASTERN AFRICA,2025,63.81739999999994,59.93999999999997
BEL,BÉLGICA,EUROPE,WESTERN EUROPE,Unknown,2025,83.86499999999992,79.44400000000006
CPV,CABO VERDE,AFRICA,SUB-SAHARAN AFRICA,WESTERN AFRICA,2025,78.93610000000011,70.1776
KHM,CAMBOYA,ASIA,SOUTH-EASTERN ASIA,Unknown,2025,72.90199999999994,67.21519999999994
CMR,CAMERÚN,AFRICA,SUB-SAHARAN AFRICA,MIDDLE AFRICA,2025,62.46290000000011,59.30680000000004
CAN,CANADÁ,AMERICAS,NORTHERN AMERICA,Unknown,2025,83.74670000000002,79.20849999999997
TCD,CHAD,AFRICA,SUB-SAHARAN AFRICA,MIDDLE AFRICA,2025,54.74760000000004,51.23740000000008
CHL,CHILE,AMERICAS,LATIN AMERICA AND THE CARIBBEAN,SOUTH AMERICA,2025,81.66519999999998,76.84339999999997
CHN,CHINA,ASIA,EASTERN ASIA,Unknown,2025,81.22740000000007,75.78580000000004
CYP,CHIPRE,ASIA,WESTERN ASIA,Unknown,2025,83.50160000000001,79.74009999999997
COL,COLOMBIA,AMERICAS,LATIN AMERICA AND THE CARIBBEAN,SOUTH AMERICA,2025,77.23910000000005,70.43529999999993
COM,COMORAS,AFRICA,SUB-SAHARAN AFRICA,EASTERN AFRICA,2025,66.02770000000005,61.51740000000002
COG,"CONGO, REPÚBLICA DEL",AFRICA,SUB-SAHARAN AFRICA,MIDDLE AFRICA,2025,64.70989999999989,61.726200000000055
COD,"CONGO, REPÚBLICA DEMOCRÁTICA DEL",AFRICA,SUB-SAHARAN AFRICA,MIDDLE AFRICA,2025,61.93210000000009,57.52240000000006
KOR,"COREA, REPÚBLICA DE",ASIA,EASTERN ASIA,Unknown,2025,85.93900000000012,80.13499999999993
PRK,"COREA, REPÚBLICA POPULAR DEMOCRÁTICA DE",ASIA,EASTERN ASIA,Unknown,2025,76.26719999999992,70.87450000000001
CRI,COSTA RICA,AMERICAS,LATIN AMERICA AND THE CARIBBEAN,CENTRAL AMERICA,2025,80.15140000000002,74.9721000000001
HRV,CROACIA,EUROPE,SOUTHERN EUROPE,Unknown,2025,80.32599999999995,74.12820000000005
CUB,CUBA,AMERICAS,LATIN AMERICA AND THE CARIBBEAN,CARIBBEAN,2025,79.61360000000008,74.72209999999998
CUW,CURACAO,AMERICAS,LATIN AMERICA AND THE CARIBBEAN,CARIBBEAN,2025,80.21110000000004,74.72739999999996
CIV,CÔTE D'IVOIRE,AFRICA,SUB-SAHARAN AFRICA,WESTERN AFRICA,2025,60.228899999999996,57.65059999999993
DNK,DINAMARCA,EUROPE,NORTHERN EUROPE,Unknown,2025,83.10399999999996,79.5092
DJI,DJIBOUTI,AFRICA,SUB-SAHARAN AFRICA,EASTERN AFRICA,2025,65.43050000000005,60.21230000000002
DMA,DOMINICA,AMERICAS,LATIN AMERICA AND THE CARIBBEAN,CARIBBEAN,2025,76.56459999999997,69.99620000000006
ECU,ECUADOR,AMERICAS,LATIN AMERICA AND THE CARIBBEAN,SOUTH AMERICA,2025,79.4468999999999,73.74490000000011
EGY,"EGIPTO, REPÚBLICA ÁRABE DE",AFRICA,NORTHERN AFRICA,Unknown,2025,72.6905000000001,67.98899999999993
SLV,EL SALVADOR,AMERICAS,LATIN AMERICA AND THE CARIBBEAN,CENTRAL AMERICA,2025,75.96060000000007,66.64710000000002
ARE,EMIRATOS ÁRABES UNIDOS,ASIA,WESTERN ASIA,Unknown,2025,81.2321999999999,77.59110000000007
ERI,ERITREA,AFRICA,SUB-SAHARAN AFRICA,EASTERN AFRICA,2025,68.75850000000004,64.48290000000001
SVN,ESLOVENIA,EUROPE,SOUTHERN EUROPE,Unknown,2025,83.94370000000013,78.39300000000009
ESP,ESPAÑA,EUROPE,SOUTHERN EUROPE,Unknown,2025,85.88499999999988,80.3861999999999
USA,ESTADOS UNIDOS,AMERICAS,NORTHERN AMERICA,Unknown,2025,80.04799999999993,74.57400000000008
EST,ESTONIA,EUROPE,NORTHERN EUROPE,Unknown,2025,82.24799999999988,73.5700999999999
SWZ,ESWATINI,AFRICA,SUB-SAHARAN AFRICA,SOUTHERN AFRICA,2025,61.21550000000006,53.41949999999994
ETH,ETIOPÍA,AFRICA,SUB-SAHARAN AFRICA,EASTERN AFRICA,2025,68.71659999999991,62.45769999999993
RUS,FEDERACIÓN DE RUSIA,EUROPE,EASTERN EUROPE,Unknown,2025,76.93450000000016,66.85229999999996
FJI,FIJI,OCEANIA,MELANESIA,Unknown,2025,69.83489999999992,66.25590000000005
PHL,FILIPINAS,ASIA,SOUTH-EASTERN ASIA,Unknown,2025,73.54399999999998,69.32660000000003
FIN,FINLANDIA,EUROPE,NORTHERN EUROPE,Unknown,2025,84.21890000000009,78.86399999999995
FRA,FRANCIA,EUROPE,WESTERN EUROPE,Unknown,2025,85.31299999999992,79.41999999999993
GAB,GABÓN,AFRICA,SUB-SAHARAN AFRICA,MIDDLE AFRICA,2025,68.4964999999999,63.53219999999993
GMB,GAMBIA,AFRICA,SUB-SAHARAN AFRICA,WESTERN AFRICA,2025,64.13160000000003,61.24729999999991
GEO,GEORGIA,ASIA,WESTERN ASIA,Unknown,2025,76.73410000000003,67.29170000000008
GHA,GHANA,AFRICA,SUB-SAHARAN AFRICA,WESTERN AFRICA,2025,66.12220000000009,61.720100000000095
GIB,GIBRALTAR,EUROPE,SOUTHERN EUROPE,Unknown,2025,83.83319999999989,79.81410000000005
GRD,GRANADA,AMERICAS,LATIN AMERICA AND THE CARIBBEAN,CARIBBEAN,2025,78.37600000000003,72.72220000000007
GRC,GRECIA,EUROPE,SOUTHERN EUROPE,Unknown,2025,83.42490000000005,78.36420000000008
GRL,GROENLANDIA,AMERICAS,NORTHERN AMERICA,Unknown,2025,73.59739999999995,69.71210000000009
GUM,GUAM,OCEANIA,MICRONESIA,Unknown,2025,81.71490000000004,74.1392
GTM,GUATEMALA,AMERICAS,LATIN AMERICA AND THE CARIBBEAN,CENTRAL AMERICA,2025,72.53879999999998,66.32209999999993
GIN,GUINEA,AFRICA,SUB-SAHARAN AFRICA,WESTERN AFRICA,2025,60.2569999999999,57.64470000000006
GNQ,GUINEA ECUATORIAL,AFRICA,SUB-SAHARAN AFRICA,MIDDLE AFRICA,2025,63.09680000000002,59.2403
GNB,GUINEA-BISSAU,AFRICA,SUB-SAHARAN AFRICA,WESTERN AFRICA,2025,62.063800000000064,57.60420000000006
GUY,GUYANA,AMERICAS,LATIN AMERICA AND THE CARIBBEAN,SOUTH AMERICA,2025,69.81199999999991,63.24419999999995
HTI,HAITÍ,AMERICAS,LATIN AMERICA AND THE CARIBBEAN,CARIBBEAN,2025,66.62349999999988,60.81890000000002
HND,HONDURAS,AMERICAS,LATIN AMERICA AND THE CARIBBEAN,CENTRAL AMERICA,2025,72.89709999999992,68.76660000000005
HKG,"HONG KONG, REGIÓN ADMINISTRATIVA ESPECIAL",ASIA,EASTERN ASIA,Unknown,2025,87.04610000000011,81.4437999999999
HUN,HUNGRÍA,EUROPE,EASTERN EUROPE,Unknown,2025,79.13160000000002,72.15829999999991
IND,INDIA,ASIA,SOUTHERN ASIA,Unknown,2025,69.46810000000004,66.47530000000012
IDN,INDONESIA,ASIA,SOUTH-EASTERN ASIA,Unknown,2025,70.12519999999988,66.27840000000006
IRQ,IRAQ,ASIA,WESTERN ASIA,Unknown,2025,73.02899999999991,68.78279999999992
IRL,IRLANDA,EUROPE,NORTHERN EUROPE,Unknown,2025,84.56499999999988,81.07100000000008
IRN,"IRÁN, REPÚBLICA ISLÁMICA DEL",ASIA,SOUTHERN ASIA,Unknown,2025,77.61789999999996,72.08410000000005
IMN,ISLA DE MAN,EUROPE,NORTHERN EUROPE,Unknown,2025,82.67179999999983,78.95309999999999
MAF,ISLA DE SAN MARTÍN (PARTE FRANCESA),AMERICAS,LATIN AMERICA AND THE CARIBBEAN,CARIBBEAN,2025,83.59689999999993,77.27700000000003
ISL,ISLANDIA,EUROPE,NORTHERN EUROPE,Unknown,2025,83.8369999999999,81.23600000000005
CYM,ISLAS CAIMÁN,AMERICAS,LATIN AMERICA AND THE CARIBBEAN,CARIBBEAN,2025,82.74549999999992,78.2119999999999
FRO,ISLAS FEROE,EUROPE,NORTHERN EUROPE,Unknown,2025,84.99999999999993,81.1280000000001
MHL,ISLAS MARSHALL,OCEANIA,MICRONESIA,Unknown,2025,67.19640000000005,63.61950000000004
SLB,ISLAS SALOMÓN,OCEANIA,MELANESIA,Unknown,2025,72.19499999999995,69.1722
TCA,ISLAS TURCAS Y CAICOS,AMERICAS,LATIN AMERICA AND THE CARIBBEAN,CARIBBEAN,2025,77.89169999999986,72.37390000000009
VIR,ISLAS VÍRGENES (EE.UU.),AMERICAS,LATIN AMERICA AND THE CARIBBEAN,CARIBBEAN,2025,83.58799999999992,76.95600000000013
VGB,ISLAS VÍRGENES BRITÁNICAS,AMERICAS,LATIN AMERICA AND THE CARIBBEAN,CARIBBEAN,2025,78.14520000000009,72.87629999999994
ISR,ISRAEL,ASIA,WESTERN ASIA,Unknown,2025,84.73500000000008,80.63899999999994
ITA,ITALIA,EUROPE,SOUTHERN EUROPE,Unknown,2025,84.98099999999997,80.6619999999999
JAM,JAMAICA,AMERICAS,LATIN AMERICA AND THE CARIBBEAN,CARIBBEAN,2025,72.7905999999999,68.83489999999996
JPN,JAPÓN,ASIA,EASTERN ASIA,Unknown,2025,87.10960000000009,81.12600000000005
JOR,JORDANIA,ASIA,WESTERN ASIA,Unknown,2025,76.81160000000008,72.22849999999995
KAZ,KAZAJSTÁN,ASIA,CENTRAL ASIA,Unknown,2025,77.61849999999993,69.50850000000011
KEN,KENYA,AFRICA,SUB-SAHARAN AFRICA,EASTERN AFRICA,2025,64.62709999999997,59.64019999999993
KGZ,KIRGUISTÁN,ASIA,CENTRAL ASIA,Unknown,2025,76.85680000000006,68.68880000000004
KIR,KIRIBATI,OCEANIA,MICRONESIA,Unknown,2025,69.2585000000001,65.6431999999999
KWT,KUWAIT,ASIA,WESTERN ASIA,Unknown,2025,81.00940000000003,77.18690000000001
LSO,LESOTHO,AFRICA,SUB-SAHARAN AFRICA,SOUTHERN AFRICA,2025,56.14150000000004,50.58969999999999
LVA,LETONIA,EUROPE,NORTHERN EUROPE,Unknown,2025,79.4860000000001,70.01400000000007
LBR,LIBERIA,AFRICA,SUB-SAHARAN AFRICA,WESTERN AFRICA,2025,62.28350000000006,59.63500000000006
LBY,LIBIA,AFRICA,NORTHERN AFRICA,Unknown,2025,74.97680000000013,69.81379999999989
LIE,LIECHTENSTEIN,EUROPE,WESTERN EUROPE,Unknown,2025,85.58200000000006,82.6730000000001
LTU,LITUANIA,EUROPE,NORTHERN EUROPE,Unknown,2025,80.0010000000001,70.852
LUX,LUXEMBURGO,EUROPE,WESTERN EUROPE,Unknown,2025,85.16800000000008,80.64899999999993
LBN,LÍBANO,ASIA,WESTERN ASIA,Unknown,2025,77.55470000000008,73.40829999999994
MKD,MACEDONIA DEL NORTE,EUROPE,SOUTHERN EUROPE,Unknown,2025,76.5143999999999,72.03320000000005
MDG,MADAGASCAR,AFRICA,SUB-SAHARAN AFRICA,EASTERN AFRICA,2025,67.49389999999993,62.8397
MYS,MALASIA,ASIA,SOUTH-EASTERN ASIA,Unknown,2025,78.41300000000007,73.6082999999999
MWI,MALAWI,AFRICA,SUB-SAHARAN AFRICA,EASTERN AFRICA,2025,66.55659999999997,59.639699999999955
MDV,MALDIVAS,ASIA,SOUTHERN ASIA,Unknown,2025,81.41350000000011,79.71600000000012
MLT,MALTA,EUROPE,SOUTHERN EUROPE,Unknown,2025,84.6760000000001,80.68799999999993
MLI,MALÍ,AFRICA,SUB-SAHARAN AFRICA,WESTERN AFRICA,2025,60.58599999999992,57.95769999999997
MAR,MARRUECOS,AFRICA,NORTHERN AFRICA,Unknown,2025,76.73530000000007,72.58489999999992
MUS,MAURICIO,AFRICA,SUB-SAHARAN AFRICA,EASTERN AFRICA,2025,77.19780000000003,70.24310000000004
MRT,MAURITANIA,AFRICA,SUB-SAHARAN AFRICA,WESTERN AFRICA,2025,65.86109999999994,62.7931
FSM,MICRONESIA (ESTADOS FEDERADOS DE),OCEANIA,MICRONESIA,Unknown,2025,74.75909999999992,67.29849999999993
MNG,MONGOLIA,ASIA,EASTERN ASIA,Unknown,2025,76.86900000000004,67.63339999999997
MNE,MONTENEGRO,EUROPE,SOUTHERN EUROPE,Unknown,2025,78.61400000000009,73.16759999999992
MOZ,MOZAMBIQUE,AFRICA,SUB-SAHARAN AFRICA,EASTERN AFRICA,2025,62.757299999999944,56.589699999999965
MMR,MYANMAR,ASIA,SOUTH-EASTERN ASIA,Unknown,2025,70.52439999999986,63.82990000000006
MEX,MÉXICO,AMERICAS,LATIN AMERICA AND THE CARIBBEAN,CENTRAL AMERICA,2025,77.44219999999993,70.44060000000009
NAM,NAMIBIA,AFRICA,SUB-SAHARAN AFRICA,SOUTHERN AFRICA,2025,62.517099999999886,55.44930000000006
NRU,NAURU,OCEANIA,MICRONESIA,Unknown,2025,67.68810000000009,60.394200000000126
NPL,NEPAL,ASIA,SOUTHERN ASIA,Unknown,2025,71.67239999999988,67.90179999999991
NIC,NICARAGUA,AMERICAS,LATIN AMERICA AND THE CARIBBEAN,CENTRAL AMERICA,2025,77.23410000000014,71.29959999999994
NGA,NIGERIA,AFRICA,SUB-SAHARAN AFRICA,WESTERN AFRICA,2025,53.87350000000001,52.95240000000007
NOR,NORUEGA,EUROPE,NORTHERN EUROPE,Unknown,2025,84.46059999999994,81.19529999999999
NCL,NUEVA CALEDONIA,OCEANIA,MELANESIA,Unknown,2025,84.12659999999991,76.8245999999999
NZL,NUEVA ZELANDIA,OCEANIA,AUSTRALIA AND NEW ZEALAND,Unknown,2025,84.3279999999999,81.10319999999989
NER,NÍGER,AFRICA,SUB-SAHARAN AFRICA,WESTERN AFRICA,2025,63.081999999999915,60.793999999999954
OMN,OMÁN,ASIA,WESTERN ASIA,Unknown,2025,76.2860000000001,72.35239999999989
PAK,PAKISTÁN,ASIA,SOUTHERN ASIA,Unknown,2025,69.32930000000002,64.08140000000004
PLW,PALAU,OCEANIA,MICRONESIA,Unknown,2025,69.00050000000009,64.34710000000008
PAN,PANAMÁ,AMERICAS,LATIN AMERICA AND THE CARIBBEAN,CENTRAL AMERICA,2025,79.89820000000007,73.44189999999995
PNG,PAPUA NUEVA GUINEA,OCEANIA,MELANESIA,Unknown,2025,68.90560000000006,63.24250000000001
PRY,PARAGUAY,AMERICAS,LATIN AMERICA AND THE CARIBBEAN,SOUTH AMERICA,2025,73.89479999999995,68.12370000000007
NLD,PAÍSES BAJOS,EUROPE,WESTERN EUROPE,Unknown,2025,83.17599999999995,80.37600000000002
PER,PERÚ,AMERICAS,LATIN AMERICA AND THE CARIBBEAN,SOUTH AMERICA,2025,75.5996,71.46659999999996
PYF,POLINESIA FRANCESA,OCEANIA,POLYNESIA,Unknown,2025,85.03439999999989,80.01629999999999
POL,POLONIA,EUROPE,EASTERN EUROPE,Unknown,2025,80.98000000000009,72.9163
PRT,PORTUGAL,EUROPE,SOUTHERN EUROPE,Unknown,2025,84.46999999999998,78.7080000000001
PRI,PUERTO RICO,AMERICAS,LATIN AMERICA AND THE CARIBBEAN,CARIBBEAN,2025,84.01629999999994,75.48459999999993
QAT,QATAR,ASIA,WESTERN ASIA,Unknown,2025,81.95340000000004,79.63460000000012
MAC,"REGIÓN ADMINISTRATIVA ESPECIAL DE MACAO, CHINA",ASIA,EASTERN ASIA,Unknown,2025,87.77699999999986,82.52779999999998
GBR,REINO UNIDO,EUROPE,NORTHERN EUROPE,Unknown,2025,83.3620000000001,79.77629999999986
CAF,REPÚBLICA CENTROAFRICANA,AFRICA,SUB-SAHARAN AFRICA,MIDDLE AFRICA,2025,56.73539999999999,52.19420000000007
CZE,REPÚBLICA CHECA,EUROPE,EASTERN EUROPE,Unknown,2025,81.61960000000002,75.64259999999994
MDA,REPÚBLICA DE MOLDOVA,EUROPE,EASTERN EUROPE,Unknown,2025,73.68589999999998,64.62549999999997
LAO,REPÚBLICA DEMOCRÁTICA POPULAR LAO,ASIA,SOUTH-EASTERN ASIA,Unknown,2025,70.98089999999992,66.7145999999999
DOM,REPÚBLICA DOMINICANA,AMERICAS,LATIN AMERICA AND THE CARIBBEAN,CARIBBEAN,2025,77.12179999999998,70.4079
SVK,REPÚBLICA ESLOVACA,EUROPE,EASTERN EUROPE,Unknown,2025,79.97430000000004,72.98529999999991
SYR,REPÚBLICA ÁRABE SIRIA,ASIA,WESTERN ASIA,Unknown,2025,75.83829999999998,68.68380000000006
PSE,RIBERA OCCIDENTAL Y GAZA,ASIA,WESTERN ASIA,Unknown,2025,76.0230999999999,71.37140000000014
ROU,RUMANIA,EUROPE,EASTERN EUROPE,Unknown,2025,78.67760000000013,70.94129999999997
RWA,RWANDA,AFRICA,SUB-SAHARAN AFRICA,EASTERN AFRICA,2025,68.94119999999988,64.48730000000012
KNA,SAINT KITTS Y NEVIS,AMERICAS,LATIN AMERICA AND THE CARIBBEAN,CARIBBEAN,2025,75.52900000000008,68.53800000000007
WSM,SAMOA,OCEANIA,POLYNESIA,Unknown,2025,75.38289999999998,70.20909999999998
VCT,SAN VICENTE Y LAS GRANADINAS,AMERICAS,LATIN AMERICA AND THE CARIBBEAN,CARIBBEAN,2025,72.36289999999984,67.27509999999994
LCA,SANTA LUCÍA,AMERICAS,LATIN AMERICA AND THE CARIBBEAN,CARIBBEAN,2025,74.96620000000011,68.13340000000001
STP,SANTO TOMÉ Y PRÍNCIPE,AFRICA,SUB-SAHARAN AFRICA,MIDDLE AFRICA,2025,71.49829999999992,65.80070000000005
SEN,SENEGAL,AFRICA,SUB-SAHARAN AFRICA,WESTERN AFRICA,2025,70.10929999999995,65.42620000000004
SRB,SERBIA,EUROPE,SOUTHERN EUROPE,Unknown,2025,77.57539999999992,72.22730000000004
SYC,SEYCHELLES,AFRICA,SUB-SAHARAN AFRICA,EASTERN AFRICA,2025,76.45400000000002,71.5940000000001
SLE,SIERRA LEONA,AFRICA,SUB-SAHARAN AFRICA,WESTERN AFRICA,2025,61.70059999999994,58.96519999999997
SGP,SINGAPUR,ASIA,SOUTH-EASTERN ASIA,Unknown,2025,85.26349999999991,80.70969999999994
SXM,SINT MAARTEN (DUTCH PART),AMERICAS,LATIN AMERICA AND THE CARIBBEAN,CARIBBEAN,2025,76.99170000000005,71.22669999999998
SOM,SOMALIA,AFRICA,SUB-SAHARAN AFRICA,EASTERN AFRICA,2025,57.98899999999993,53.907399999999996
LKA,SRI LANKA,ASIA,SOUTHERN ASIA,Unknown,2025,79.99529999999986,72.88920000000003
ZAF,SUDÁFRICA,AFRICA,SUB-SAHARAN AFRICA,SOUTHERN AFRICA,2025,64.71820000000004,59.12950000000004
SDN,SUDÁN,AFRICA,NORTHERN AFRICA,Unknown,2025,68.10030000000006,62.97970000000001
SSD,SUDÁN DEL SUR,AFRICA,SUB-SAHARAN AFRICA,EASTERN AFRICA,2025,56.99470000000006,53.96759999999997
SWE,SUECIA,EUROPE,NORTHERN EUROPE,Unknown,2025,84.7446,81.37530000000001
CHE,SUIZA,EUROPE,WESTERN EUROPE,Unknown,2025,85.44299999999993,81.81300000000013
SUR,SURINAME,AMERICAS,LATIN AMERICA AND THE CARIBBEAN,SOUTH AMERICA,2025,73.81489999999997,67.40009999999995
THA,TAILANDIA,ASIA,SOUTH-EASTERN ASIA,Unknown,2025,83.59540000000004,75.11750000000008
TZA,TANZANÍA,AFRICA,SUB-SAHARAN AFRICA,EASTERN AFRICA,2025,68.68480000000008,64.15400000000004
TJK,TAYIKISTÁN,ASIA,CENTRAL ASIA,Unknown,2025,73.32740000000008,68.89219999999992
TLS,TIMOR-LESTE,ASIA,SOUTH-EASTERN ASIA,Unknown,2025,70.38360000000007,67.07129999999994
TGO,TOGO,AFRICA,SUB-SAHARAN AFRICA,WESTERN AFRICA,2025,62.184099999999916,60.77019999999991
TON,TONGA,OCEANIA,POLYNESIA,Unknown,2025,73.95519999999993,68.55759999999998
TTO,TRINIDAD Y TOBAGO,AMERICAS,LATIN AMERICA AND THE CARIBBEAN,CARIBBEAN,2025,76.89029999999988,70.76380000000005
TKM,TURKMENISTÁN,ASIA,CENTRAL ASIA,Unknown,2025,72.93570000000003,65.75740000000005
TUR,TURQUÍA,ASIA,WESTERN ASIA,Unknown,2025,80.74759999999999,74.59490000000007
TUV,TUVALU,OCEANIA,POLYNESIA,Unknown,2025,69.25420000000008,60.978400000000036
TUN,TÚNEZ,AFRICA,NORTHERN AFRICA,Unknown,2025,77.56759999999997,71.33449999999992
UKR,UCRANIA,EUROPE,EASTERN EUROPE,Unknown,2025,74.2690999999999,64.23920000000008
UGA,UGANDA,AFRICA,SUB-SAHARAN AFRICA,EASTERN AFRICA,2025,65.20959999999997,60.945699999999945
URY,URUGUAY,AMERICAS,LATIN AMERICA AND THE CARIBBEAN,SOUTH AMERICA,2025,80.9573999999999,73.64799999999987
UZB,UZBEKISTÁN,ASIA,CENTRAL ASIA,Unknown,2025,73.8631,68.66639999999997
VUT,VANUATU,OCEANIA,MELANESIA,Unknown,2025,72.95659999999992,68.42479999999993
VEN,VENEZUELA,AMERICAS,LATIN AMERICA AND THE CARIBBEAN,SOUTH AMERICA,2025,75.39439999999996,66.85730000000007
VNM,VIET NAM,ASIA,SOUTH-EASTERN ASIA,Unknown,2025,79.12679999999995,69.74930000000002
YEM,"YEMEN, REP. DEL",ASIA,WESTERN ASIA,Unknown,2025,67.36050000000006,60.69539999999994
ZMB,ZAMBIA,AFRICA,SUB-SAHARAN AFRICA,EASTERN AFRICA,2025,64.6796000000001,59.07070000000006
ZWE,ZIMBABWE,AFRICA,SUB-SAHARAN AFRICA,EASTERN AFRICA,2025,62.286500000000075,56.61930000000001
AFG,AFGANISTÁN,ASIA,SOUTHERN ASIA,Unknown,2026,65.9293,59.55980000000005
ALB,ALBANIA,EUROPE,SOUTHERN EUROPE,Unknown,2026,79.38600000000007,74.54550000000003
DEU,ALEMANIA,EUROPE,WESTERN EUROPE,Unknown,2026,83.26299999999996,78.40839999999994
AGO,ANGOLA,AFRICA,SUB-SAHARAN AFRICA,MIDDLE AFRICA,2026,64.53170000000001,59.291400000000046
ATG,ANTIGUA Y BARBUDA,AMERICAS,LATIN AMERICA AND THE CARIBBEAN,CARIBBEAN,2026,81.3273,76.26020000000008
SAU,ARABIA SAUDITA,ASIA,WESTERN ASIA,Unknown,2026,79.14450000000002,76.18410000000006
DZA,ARGELIA,AFRICA,NORTHERN AFRICA,Unknown,2026,78.10700000000003,75.4266000000001
ARG,ARGENTINA,AMERICAS,LATIN AMERICA AND THE CARIBBEAN,SOUTH AMERICA,2026,79.29859999999991,72.70020000000012
ARM,ARMENIA,ASIA,WESTERN ASIA,Unknown,2026,78.40159999999992,68.08659999999999
ABW,ARUBA,AMERICAS,LATIN AMERICA AND THE CARIBBEAN,CARIBBEAN,2026,77.76460000000009,72.2472000000001
AUS,AUSTRALIA,OCEANIA,AUSTRALIA AND NEW ZEALAND,Unknown,2026,85.30900000000001,81.22599999999994
AUT,AUSTRIA,EUROPE,WESTERN EUROPE,Unknown,2026,83.61699999999999,78.94200000000012
AZE,AZERBAIYÁN,ASIA,WESTERN ASIA,Unknown,2026,75.3183,68.98760000000007
BHS,BAHAMAS,AMERICAS,LATIN AMERICA AND THE CARIBBEAN,CARIBBEAN,2026,77.23370000000011,70.12030000000011
BHR,BAHREIN,ASIA,WESTERN ASIA,Unknown,2026,80.41980000000005,78.17339999999994
BGD,BANGLADESH,ASIA,SOUTHERN ASIA,Unknown,2026,75.46910000000014,71.20410000000011
BRB,BARBADOS,AMERICAS,LATIN AMERICA AND THE CARIBBEAN,CARIBBEAN,2026,79.30089999999996,75.62220000000008
BLR,BELARÚS,EUROPE,EASTERN EUROPE,Unknown,2026,78.27200000000003,67.8456000000001
BLZ,BELICE,AMERICAS,LATIN AMERICA AND THE CARIBBEAN,CENTRAL AMERICA,2026,75.13009999999994,68.40990000000002
BEN,BENIN,AFRICA,SUB-SAHARAN AFRICA,WESTERN AFRICA,2026,61.61450000000004,58.325600000000094
BMU,BERMUDAS,AMERICAS,NORTHERN AMERICA,Unknown,2026,84.08580000000009,77.8019999999999
BTN,BHUTÁN,ASIA,SOUTHERN ASIA,Unknown,2026,73.65959999999994,70.03759999999996
BOL,BOLIVIA,AMERICAS,LATIN AMERICA AND THE CARIBBEAN,SOUTH AMERICA,2026,67.82729999999998,62.08070000000012
BIH,BOSNIA Y HERZEGOVINA,EUROPE,SOUTHERN EUROPE,Unknown,2026,77.66859999999998,73.36970000000005
BWA,BOTSWANA,AFRICA,SUB-SAHARAN AFRICA,SOUTHERN AFRICA,2026,67.10269999999998,62.143299999999954
BRA,BRASIL,AMERICAS,LATIN AMERICA AND THE CARIBBEAN,SOUTH AMERICA,2026,76.60160000000015,70.23480000000009
BRN,BRUNEI DARUSSALAM,ASIA,SOUTH-EASTERN ASIA,Unknown,2026,76.8217,72.55490000000015
BGR,BULGARIA,EUROPE,EASTERN EUROPE,Unknown,2026,77.31770000000013,70.03720000000008
BFA,BURKINA FASO,AFRICA,SUB-SAHARAN AFRICA,WESTERN AFRICA,2026,61.459500000000055,57.85759999999993
BDI,BURUNDI,AFRICA,SUB-SAHARAN AFRICA,EASTERN AFRICA,2026,63.81739999999994,59.93999999999997
BEL,BÉLGICA,EUROPE,WESTERN EUROPE,Unknown,2026,83.86499999999992,79.44400000000006
CPV,CABO VERDE,AFRICA,SUB-SAHARAN AFRICA,WESTERN AFRICA,2026,78.93610000000011,70.1776
KHM,CAMBOYA,ASIA,SOUTH-EASTERN ASIA,Unknown,2026,72.90199999999994,67.21519999999994
CMR,CAMERÚN,AFRICA,SUB-SAHARAN AFRICA,MIDDLE AFRICA,2026,62.46290000000011,59.30680000000004
CAN,CANADÁ,AMERICAS,NORTHERN AMERICA,Unknown,2026,83.74670000000002,79.20849999999997
TCD,CHAD,AFRICA,SUB-SAHARAN AFRICA,MIDDLE AFRICA,2026,54.74760000000004,51.23740000000008
CHL,CHILE,AMERICAS,LATIN AMERICA AND THE CARIBBEAN,SOUTH AMERICA,2026,81.66519999999998,76.84339999999997
CHN,CHINA,ASIA,EASTERN ASIA,Unknown,2026,81.22740000000007,75.78580000000004
CYP,CHIPRE,ASIA,WESTERN ASIA,Unknown,2026,83.50160000000001,79.74009999999997
COL,COLOMBIA,AMERICAS,LATIN AMERICA AND THE CARIBBEAN,SOUTH AMERICA,2026,77.23910000000005,70.43529999999993
COM,COMORAS,AFRICA,SUB-SAHARAN AFRICA,EASTERN AFRICA,2026,66.02770000000005,61.51740000000002
COG,"CONGO, REPÚBLICA DEL",AFRICA,SUB-SAHARAN AFRICA,MIDDLE AFRICA,2026,64.70989999999989,61.726200000000055
COD,"CONGO, REPÚBLICA DEMOCRÁTICA DEL",AFRICA,SUB-SAHARAN AFRICA,MIDDLE AFRICA,2026,61.93210000000009,57.52240000000006
KOR,"COREA, REPÚBLICA DE",ASIA,EASTERN ASIA,Unknown,2026,85.93900000000012,80.13499999999993
PRK,"COREA, REPÚBLICA POPULAR DEMOCRÁTICA DE",ASIA,EASTERN ASIA,Unknown,2026,76.26719999999992,70.87450000000001
CRI,COSTA RICA,AMERICAS,LATIN AMERICA AND THE CARIBBEAN,CENTRAL AMERICA,2026,80.15140000000002,74.9721000000001
HRV,CROACIA,EUROPE,SOUTHERN EUROPE,Unknown,2026,80.32599999999995,74.12820000000005
CUB,CUBA,AMERICAS,LATIN AMERICA AND THE CARIBBEAN,CARIBBEAN,2026,79.61360000000008,74.72209999999998
CUW,CURACAO,AMERICAS,LATIN AMERICA AND THE CARIBBEAN,CARIBBEAN,2026,80.21110000000004,74.72739999999996
CIV,CÔTE D'IVOIRE,AFRICA,SUB-SAHARAN AFRICA,WESTERN AFRICA,2026,60.228899999999996,57.65059999999993
DNK,DINAMARCA,EUROPE,NORTHERN EUROPE,Unknown,2026,83.10399999999996,79.5092
DJI,DJIBOUTI,AFRICA,SUB-SAHARAN AFRICA,EASTERN AFRICA,2026,65.43050000000005,60.21230000000002
DMA,DOMINICA,AMERICAS,LATIN AMERICA AND THE CARIBBEAN,CARIBBEAN,2026,76.56459999999997,69.99620000000006
ECU,ECUADOR,AMERICAS,LATIN AMERICA AND THE CARIBBEAN,SOUTH AMERICA,2026,79.4468999999999,73.74490000000011
EGY,"EGIPTO, REPÚBLICA ÁRABE DE",AFRICA,NORTHERN AFRICA,Unknown,2026,72.6905000000001,67.98899999999993
SLV,EL SALVADOR,AMERICAS,LATIN AMERICA AND THE CARIBBEAN,CENTRAL AMERICA,2026,75.96060000000007,66.64710000000002
ARE,EMIRATOS ÁRABES UNIDOS,ASIA,WESTERN ASIA,Unknown,2026,81.2321999999999,77.59110000000007
ERI,ERITREA,AFRICA,SUB-SAHARAN AFRICA,EASTERN AFRICA,2026,68.75850000000004,64.48290000000001
SVN,ESLOVENIA,EUROPE,SOUTHERN EUROPE,Unknown,2026,83.94370000000013,78.39300000000009
ESP,ESPAÑA,EUROPE,SOUTHERN EUROPE,Unknown,2026,85.88499999999988,80.3861999999999
USA,ESTADOS UNIDOS,AMERICAS,NORTHERN AMERICA,Unknown,2026,80.04799999999993,74.57400000000008
EST,ESTONIA,EUROPE,NORTHERN EUROPE,Unknown,2026,82.24799999999988,73.5700999999999
SWZ,ESWATINI,AFRICA,SUB-SAHARAN AFRICA,SOUTHERN AFRICA,2026,61.21550000000006,53.41949999999994
ETH,ETIOPÍA,AFRICA,SUB-SAHARAN AFRICA,EASTERN AFRICA,2026,68.71659999999991,62.45769999999993
RUS,FEDERACIÓN DE RUSIA,EUROPE,EASTERN EUROPE,Unknown,2026,76.93450000000016,66.85229999999996
FJI,FIJI,OCEANIA,MELANESIA,Unknown,2026,69.83489999999992,66.25590000000005
PHL,FILIPINAS,ASIA,SOUTH-EASTERN ASIA,Unknown,2026,73.54399999999998,69.32660000000003
FIN,FINLANDIA,EUROPE,NORTHERN EUROPE,Unknown,2026,84.21890000000009,78.86399999999995
FRA,FRANCIA,EUROPE,WESTERN EUROPE,Unknown,2026,85.31299999999992,79.41999999999993
GAB,GABÓN,AFRICA,SUB-SAHARAN AFRICA,MIDDLE AFRICA,2026,68.4964999999999,63.53219999999993
GMB,GAMBIA,AFRICA,SUB-SAHARAN AFRICA,WESTERN AFRICA,2026,64.13160000000003,61.24729999999991
GEO,GEORGIA,ASIA,WESTERN ASIA,Unknown,2026,76.73410000000003,67.29170000000008
GHA,GHANA,AFRICA,SUB-SAHARAN AFRICA,WESTERN AFRICA,2026,66.12220000000009,61.720100000000095
GIB,GIBRALTAR,EUROPE,SOUTHERN EUROPE,Unknown,2026,83.83319999999989,79.81410000000005
GRD,GRANADA,AMERICAS,LATIN AMERICA AND THE CARIBBEAN,CARIBBEAN,2026,78.37600000000003,72.72220000000007
GRC,GRECIA,EUROPE,SOUTHERN EUROPE,Unknown,2026,83.42490000000005,78.36420000000008
GRL,GROENLANDIA,AMERICAS,NORTHERN AMERICA,Unknown,2026,73.59739999999995,69.71210000000009
GUM,GUAM,OCEANIA,MICRONESIA,Unknown,2026,81.71490000000004,74.1392
GTM,GUATEMALA,AMERICAS,LATIN AMERICA AND THE CARIBBEAN,CENTRAL AMERICA,2026,72.53879999999998,66.32209999999993
GIN,GUINEA,AFRICA,SUB-SAHARAN AFRICA,WESTERN AFRICA,2026,60.2569999999999,57.64470000000006
GNQ,GUINEA ECUATORIAL,AFRICA,SUB-SAHARAN AFRICA,MIDDLE AFRICA,2026,63.09680000000002,59.2403
GNB,GUINEA-BISSAU,AFRICA,SUB-SAHARAN AFRICA,WESTERN AFRICA,2026,62.063800000000064,57.60420000000006
GUY,GUYANA,AMERICAS,LATIN AMERICA AND THE CARIBBEAN,SOUTH AMERICA,2026,69.81199999999991,63.24419999999995
HTI,HAITÍ,AMERICAS,LATIN AMERICA AND THE CARIBBEAN,CARIBBEAN,2026,66.62349999999988,60.81890000000002
HND,HONDURAS,AMERICAS,LATIN AMERICA AND THE CARIBBEAN,CENTRAL AMERICA,2026,72.89709999999992,68.76660000000005
HKG,"HONG KONG, REGIÓN ADMINISTRATIVA ESPECIAL",ASIA,EASTERN ASIA,Unknown,2026,87.04610000000011,81.4437999999999
HUN,HUNGRÍA,EUROPE,EASTERN EUROPE,Unknown,2026,79.13160000000002,72.15829999999991
IND,INDIA,ASIA,SOUTHERN ASIA,Unknown,2026,69.46810000000004,66.47530000000012
IDN,INDONESIA,ASIA,SOUTH-EASTERN ASIA,Unknown,2026,70.12519999999988,66.27840000000006
IRQ,IRAQ,ASIA,WESTERN ASIA,Unknown,2026,73.02899999999991,68.78279999999992
IRL,IRLANDA,EUROPE,NORTHERN EUROPE,Unknown,2026,84.56499999999988,81.07100000000008
IRN,"IRÁN, REPÚBLICA ISLÁMICA DEL",ASIA,SOUTHERN ASIA,Unknown,2026,77.61789999999996,72.08410000000005
IMN,ISLA DE MAN,EUROPE,NORTHERN EUROPE,Unknown,2026,82.67179999999983,78.95309999999999
MAF,ISLA DE SAN MARTÍN (PARTE FRANCESA),AMERICAS,LATIN AMERICA AND THE CARIBBEAN,CARIBBEAN,2026,83.59689999999993,77.27700000000003
ISL,ISLANDIA,EUROPE,NORTHERN EUROPE,Unknown,2026,83.8369999999999,81.23600000000005
CYM,ISLAS CAIMÁN,AMERICAS,LATIN AMERICA AND THE CARIBBEAN,CARIBBEAN,2026,82.74549999999992,78.2119999999999
FRO,ISLAS FEROE,EUROPE,NORTHERN EUROPE,Unknown,2026,84.99999999999993,81.1280000000001
MHL,ISLAS MARSHALL,OCEANIA,MICRONESIA,Unknown,2026,67.19640000000005,63.61950000000004
SLB,ISLAS SALOMÓN,OCEANIA,MELANESIA,Unknown,2026,72.19499999999995,69.1722
TCA,ISLAS TURCAS Y CAICOS,AMERICAS,LATIN AMERICA AND THE CARIBBEAN,CARIBBEAN,2026,77.89169999999986,72.37390000000009
VIR,ISLAS VÍRGENES (EE.UU.),AMERICAS,LATIN AMERICA AND THE CARIBBEAN,CARIBBEAN,2026,83.58799999999992,76.95600000000013
VGB,ISLAS VÍRGENES BRITÁNICAS,AMERICAS,LATIN AMERICA AND THE CARIBBEAN,CARIBBEAN,2026,78.14520000000009,72.87629999999994
ISR,ISRAEL,ASIA,WESTERN ASIA,Unknown,2026,84.73500000000008,80.63899999999994
ITA,ITALIA,EUROPE,SOUTHERN EUROPE,Unknown,2026,84.98099999999997,80.6619999999999
JAM,JAMAICA,AMERICAS,LATIN AMERICA AND THE CARIBBEAN,CARIBBEAN,2026,72.7905999999999,68.83489999999996
JPN,JAPÓN,ASIA,EASTERN ASIA,Unknown,2026,87.10960000000009,81.12600000000005
JOR,JORDANIA,ASIA,WESTERN ASIA,Unknown,2026,76.81160000000008,72.22849999999995
KAZ,KAZAJSTÁN,ASIA,CENTRAL ASIA,Unknown,2026,77.61849999999993,69.50850000000011
KEN,KENYA,AFRICA,SUB-SAHARAN AFRICA,EASTERN AFRICA,2026,64.62709999999997,59.64019999999993
KGZ,KIRGUISTÁN,ASIA,CENTRAL ASIA,Unknown,2026,76.85680000000006,68.68880000000004
KIR,KIRIBATI,OCEANIA,MICRONESIA,Unknown,2026,69.2585000000001,65.6431999999999
KWT,KUWAIT,ASIA,WESTERN ASIA,Unknown,2026,81.00940000000003,77.18690000000001
LSO,LESOTHO,AFRICA,SUB-SAHARAN AFRICA,SOUTHERN AFRICA,2026,56.14150000000004,50.58969999999999
LVA,LETONIA,EUROPE,NORTHERN EUROPE,Unknown,2026,79.4860000000001,70.01400000000007
LBR,LIBERIA,AFRICA,SUB-SAHARAN AFRICA,WESTERN AFRICA,2026,62.28350000000006,59.63500000000006
LBY,LIBIA,AFRICA,NORTHERN AFRICA,Unknown,2026,74.97680000000013,69.81379999999989
LIE,LIECHTENSTEIN,EUROPE,WESTERN EUROPE,Unknown,2026,85.58200000000006,82.6730000000001
LTU,LITUANIA,EUROPE,NORTHERN EUROPE,Unknown,2026,80.0010000000001,70.852
LUX,LUXEMBURGO,EUROPE,WESTERN EUROPE,Unknown,2026,85.16800000000008,80.64899999999993
LBN,LÍBANO,ASIA,WESTERN ASIA,Unknown,2026,77.55470000000008,73.40829999999994
MKD,MACEDONIA DEL NORTE,EUROPE,SOUTHERN EUROPE,Unknown,2026,76.5143999999999,72.03320000000005
MDG,MADAGASCAR,AFRICA,SUB-SAHARAN AFRICA,EASTERN AFRICA,2026,67.49389999999993,62.8397
MYS,MALASIA,ASIA,SOUTH-EASTERN ASIA,Unknown,2026,78.41300000000007,73.6082999999999
MWI,MALAWI,AFRICA,SUB-SAHARAN AFRICA,EASTERN AFRICA,2026,66.55659999999997,59.639699999999955
MDV,MALDIVAS,ASIA,SOUTHERN ASIA,Unknown,2026,81.41350000000011,79.71600000000012
MLT,MALTA,EUROPE,SOUTHERN EUROPE,Unknown,2026,84.6760000000001,80.68799999999993
MLI,MALÍ,AFRICA,SUB-SAHARAN AFRICA,WESTERN AFRICA,2026,60.58599999999992,57.95769999999997
MAR,MARRUECOS,AFRICA,NORTHERN AFRICA,Unknown,2026,76.73530000000007,72.58489999999992
MUS,MAURICIO,AFRICA,SUB-SAHARAN AFRICA,EASTERN AFRICA,2026,77.19780000000003,70.24310000000004
MRT,MAURITANIA,AFRICA,SUB-SAHARAN AFRICA,WESTERN AFRICA,2026,65.86109999999994,62.7931
FSM,MICRONESIA (ESTADOS FEDERADOS DE),OCEANIA,MICRONESIA,Unknown,2026,74.75909999999992,67.29849999999993
MNG,MONGOLIA,ASIA,EASTERN ASIA,Unknown,2026,76.86900000000004,67.63339999999997
MNE,MONTENEGRO,EUROPE,SOUTHERN EUROPE,Unknown,2026,78.61400000000009,73.16759999999992
MOZ,MOZAMBIQUE,AFRICA,SUB-SAHARAN AFRICA,EASTERN AFRICA,2026,62.757299999999944,56.589699999999965
MMR,MYANMAR,ASIA,SOUTH-EASTERN ASIA,Unknown,2026,70.52439999999986,63.82990000000006
MEX,MÉXICO,AMERICAS,LATIN AMERICA AND THE CARIBBEAN,CENTRAL AMERICA,2026,77.44219999999993,70.44060000000009
NAM,NAMIBIA,AFRICA,SUB-SAHARAN AFRICA,SOUTHERN AFRICA,2026,62.517099999999886,55.44930000000006
NRU,NAURU,OCEANIA,MICRONESIA,Unknown,2026,67.68810000000009,60.394200000000126
NPL,NEPAL,ASIA,SOUTHERN ASIA,Unknown,2026,71.67239999999988,67.90179999999991
NIC,NICARAGUA,AMERICAS,LATIN AMERICA AND THE CARIBBEAN,CENTRAL AMERICA,2026,77.23410000000014,71.29959999999994
NGA,NIGERIA,AFRICA,SUB-SAHARAN AFRICA,WESTERN AFRICA,2026,53.87350000000001,52.95240000000007
NOR,NORUEGA,EUROPE,NORTHERN EUROPE,Unknown,2026,84.46059999999994,81.19529999999999
NCL,NUEVA CALEDONIA,OCEANIA,MELANESIA,Unknown,2026,84.12659999999991,76.8245999999999
NZL,NUEVA ZELANDIA,OCEANIA,AUSTRALIA AND NEW ZEALAND,Unknown,2026,84.3279999999999,81.10319999999989
NER,NÍGER,AFRICA,SUB-SAHARAN AFRICA,WESTERN AFRICA,2026,63.081999999999915,60.793999999999954
OMN,OMÁN,ASIA,WESTERN ASIA,Unknown,2026,76.2860000000001,72.35239999999989
PAK,PAKISTÁN,ASIA,SOUTHERN ASIA,Unknown,2026,69.32930000000002,64.08140000000004
PLW,PALAU,OCEANIA,MICRONESIA,Unknown,2026,69.00050000000009,64.34710000000008
PAN,PANAMÁ,AMERICAS,LATIN AMERICA AND THE CARIBBEAN,CENTRAL AMERICA,2026,79.89820000000007,73.44189999999995
PNG,PAPUA NUEVA GUINEA,OCEANIA,MELANESIA,Unknown,2026,68.90560000000006,63.24250000000001
PRY,PARAGUAY,AMERICAS,LATIN AMERICA AND THE CARIBBEAN,SOUTH AMERICA,2026,73.89479999999995,68.12370000000007
NLD,PAÍSES BAJOS,EUROPE,WESTERN EUROPE,Unknown,2026,83.17599999999995,80.37600000000002
PER,PERÚ,AMERICAS,LATIN AMERICA AND THE CARIBBEAN,SOUTH AMERICA,2026,75.5996,71.46659999999996
PYF,POLINESIA FRANCESA,OCEANIA,POLYNESIA,Unknown,2026,85.03439999999989,80.01629999999999
POL,POLONIA,EUROPE,EASTERN EUROPE,Unknown,2026,80.98000000000009,72.9163
PRT,PORTUGAL,EUROPE,SOUTHERN EUROPE,Unknown,2026,84.46999999999998,78.7080000000001
PRI,PUERTO RICO,AMERICAS,LATIN AMERICA AND THE CARIBBEAN,CARIBBEAN,2026,84.01629999999994,75.48459999999993
QAT,QATAR,ASIA,WESTERN ASIA,Unknown,2026,81.95340000000004,79.63460000000012
MAC,"REGIÓN ADMINISTRATIVA ESPECIAL DE MACAO, CHINA",ASIA,EASTERN ASIA,Unknown,2026,87.77699999999986,82.52779999999998
GBR,REINO UNIDO,EUROPE,NORTHERN EUROPE,Unknown,2026,83.3620000000001,79.77629999999986
CAF,REPÚBLICA CENTROAFRICANA,AFRICA,SUB-SAHARAN AFRICA,MIDDLE AFRICA,2026,56.73539999999999,52.19420000000007
CZE,REPÚBLICA CHECA,EUROPE,EASTERN EUROPE,Unknown,2026,81.61960000000002,75.64259999999994
MDA,REPÚBLICA DE MOLDOVA,EUROPE,EASTERN EUROPE,Unknown,2026,73.68589999999998,64.62549999999997
LAO,REPÚBLICA DEMOCRÁTICA POPULAR LAO,ASIA,SOUTH-EASTERN ASIA,Unknown,2026,70.98089999999992,66.7145999999999
DOM,REPÚBLICA DOMINICANA,AMERICAS,LATIN AMERICA AND THE CARIBBEAN,CARIBBEAN,2026,77.12179999999998,70.4079
SVK,REPÚBLICA ESLOVACA,EUROPE,EASTERN EUROPE,Unknown,2026,79.97430000000004,72.98529999999991
SYR,REPÚBLICA ÁRABE SIRIA,ASIA,WESTERN ASIA,Unknown,2026,75.83829999999998,68.68380000000006
PSE,RIBERA OCCIDENTAL Y GAZA,ASIA,WESTERN ASIA,Unknown,2026,76.0230999999999,71.37140000000014
ROU,RUMANIA,EUROPE,EASTERN EUROPE,Unknown,2026,78.67760000000013,70.94129999999997
RWA,RWANDA,AFRICA,SUB-SAHARAN AFRICA,EASTERN AFRICA,2026,68.94119999999988,64.48730000000012
KNA,SAINT KITTS Y NEVIS,AMERICAS,LATIN AMERICA AND THE CARIBBEAN,CARIBBEAN,2026,75.52900000000008,68.53800000000007
WSM,SAMOA,OCEANIA,POLYNESIA,Unknown,2026,75.38289999999998,70.20909999999998
VCT,SAN VICENTE Y LAS GRANADINAS,AMERICAS,LATIN AMERICA AND THE CARIBBEAN,CARIBBEAN,2026,72.36289999999984,67.27509999999994
LCA,SANTA LUCÍA,AMERICAS,LATIN AMERICA AND THE CARIBBEAN,CARIBBEAN,2026,74.96620000000011,68.13340000000001
STP,SANTO TOMÉ Y PRÍNCIPE,AFRICA,SUB-SAHARAN AFRICA,MIDDLE AFRICA,2026,71.49829999999992,65.80070000000005
SEN,SENEGAL,AFRICA,SUB-SAHARAN AFRICA,WESTERN AFRICA,2026,70.10929999999995,65.42620000000004
SRB,SERBIA,EUROPE,SOUTHERN EUROPE,Unknown,2026,77.57539999999992,72.22730000000004
SYC,SEYCHELLES,AFRICA,SUB-SAHARAN AFRICA,EASTERN AFRICA,2026,76.45400000000002,71.5940000000001
SLE,SIERRA LEONA,AFRICA,SUB-SAHARAN AFRICA,WESTERN AFRICA,2026,61.70059999999994,58.96519999999997
SGP,SINGAPUR,ASIA,SOUTH-EASTERN ASIA,Unknown,2026,85.26349999999991,80.70969999999994
SXM,SINT MAARTEN (DUTCH PART),AMERICAS,LATIN AMERICA AND THE CARIBBEAN,CARIBBEAN,2026,76.99170000000005,71.22669999999998
SOM,SOMALIA,AFRICA,SUB-SAHARAN AFRICA,EASTERN AFRICA,2026,57.98899999999993,53.907399999999996
LKA,SRI LANKA,ASIA,SOUTHERN ASIA,Unknown,2026,79.99529999999986,72.88920000000003
ZAF,SUDÁFRICA,AFRICA,SUB-SAHARAN AFRICA,SOUTHERN AFRICA,2026,64.71820000000004,59.12950000000004
SDN,SUDÁN,AFRICA,NORTHERN AFRICA,Unknown,2026,68.10030000000006,62.97970000000001
SSD,SUDÁN DEL SUR,AFRICA,SUB-SAHARAN AFRICA,EASTERN AFRICA,2026,56.99470000000006,53.96759999999997
SWE,SUECIA,EUROPE,NORTHERN EUROPE,Unknown,2026,84.7446,81.37530000000001
CHE,SUIZA,EUROPE,WESTERN EUROPE,Unknown,2026,85.44299999999993,81.81300000000013
SUR,SURINAME,AMERICAS,LATIN AMERICA AND THE CARIBBEAN,SOUTH AMERICA,2026,73.81489999999997,67.40009999999995
THA,TAILANDIA,ASIA,SOUTH-EASTERN ASIA,Unknown,2026,83.59540000000004,75.11750000000008
TZA,TANZANÍA,AFRICA,SUB-SAHARAN AFRICA,EASTERN AFRICA,2026,68.68480000000008,64.15400000000004
TJK,TAYIKISTÁN,ASIA,CENTRAL ASIA,Unknown,2026,73.32740000000008,68.89219999999992
TLS,TIMOR-LESTE,ASIA,SOUTH-EASTERN ASIA,Unknown,2026,70.38360000000007,67.07129999999994
TGO,TOGO,AFRICA,SUB-SAHARAN AFRICA,WESTERN AFRICA,2026,62.184099999999916,60.77019999999991
TON,TONGA,OCEANIA,POLYNESIA,Unknown,2026,73.95519999999993,68.55759999999998
TTO,TRINIDAD Y TOBAGO,AMERICAS,LATIN AMERICA AND THE CARIBBEAN,CARIBBEAN,2026,76.89029999999988,70.76380000000005
TKM,TURKMENISTÁN,ASIA,CENTRAL ASIA,Unknown,2026,72.93570000000003,65.75740000000005
TUR,TURQUÍA,ASIA,WESTERN ASIA,Unknown,2026,80.74759999999999,74.59490000000007
TUV,TUVALU,OCEANIA,POLYNESIA,Unknown,2026,69.25420000000008,60.978400000000036
TUN,TÚNEZ,AFRICA,NORTHERN AFRICA,Unknown,2026,77.56759999999997,71.33449999999992
UKR,UCRANIA,EUROPE,EASTERN EUROPE,Unknown,2026,74.2690999999999,64.23920000000008
UGA,UGANDA,AFRICA,SUB-SAHARAN AFRICA,EASTERN AFRICA,2026,65.20959999999997,60.945699999999945
URY,URUGUAY,AMERICAS,LATIN AMERICA AND THE CARIBBEAN,SOUTH AMERICA,2026,80.9573999999999,73.64799999999987
UZB,UZBEKISTÁN,ASIA,CENTRAL ASIA,Unknown,2026,73.8631,68.66639999999997
VUT,VANUATU,OCEANIA,MELANESIA,Unknown,2026,72.95659999999992,68.42479999999993
VEN,VENEZUELA,AMERICAS,LATIN AMERICA AND THE CARIBBEAN,SOUTH AMERICA,2026,75.39439999999996,66.85730000000007
VNM,VIET NAM,ASIA,SOUTH-EASTERN ASIA,Unknown,2026,79.12679999999995,69.74930000000002
YEM,"YEMEN, REP. DEL",ASIA,WESTERN ASIA,Unknown,2026,67.36050000000006,60.69539999999994
ZMB,ZAMBIA,AFRICA,SUB-SAHARAN AFRICA,EASTERN AFRICA,2026,64.6796000000001,59.07070000000006
ZWE,ZIMBABWE,AFRICA,SUB-SAHARAN AFRICA,EASTERN AFRICA,2026,62.286500000000075,56.61930000000001
AFG,AFGANISTÁN,ASIA,SOUTHERN ASIA,Unknown,2027,65.9293,59.55980000000005
ALB,ALBANIA,EUROPE,SOUTHERN EUROPE,Unknown,2027,79.38600000000007,74.54550000000003
DEU,ALEMANIA,EUROPE,WESTERN EUROPE,Unknown,2027,83.26299999999996,78.40839999999994
AGO,ANGOLA,AFRICA,SUB-SAHARAN AFRICA,MIDDLE AFRICA,2027,64.53170000000001,59.291400000000046
ATG,ANTIGUA Y BARBUDA,AMERICAS,LATIN AMERICA AND THE CARIBBEAN,CARIBBEAN,2027,81.3273,76.26020000000008
SAU,ARABIA SAUDITA,ASIA,WESTERN ASIA,Unknown,2027,79.14450000000002,76.18410000000006
DZA,ARGELIA,AFRICA,NORTHERN AFRICA,Unknown,2027,78.10700000000003,75.4266000000001
ARG,ARGENTINA,AMERICAS,LATIN AMERICA AND THE CARIBBEAN,SOUTH AMERICA,2027,79.29859999999991,72.70020000000012
ARM,ARMENIA,ASIA,WESTERN ASIA,Unknown,2027,78.40159999999992,68.08659999999999
ABW,ARUBA,AMERICAS,LATIN AMERICA AND THE CARIBBEAN,CARIBBEAN,2027,77.76460000000009,72.2472000000001
AUS,AUSTRALIA,OCEANIA,AUSTRALIA AND NEW ZEALAND,Unknown,2027,85.30900000000001,81.22599999999994
AUT,AUSTRIA,EUROPE,WESTERN EUROPE,Unknown,2027,83.61699999999999,78.94200000000012
AZE,AZERBAIYÁN,ASIA,WESTERN ASIA,Unknown,2027,75.3183,68.98760000000007
BHS,BAHAMAS,AMERICAS,LATIN AMERICA AND THE CARIBBEAN,CARIBBEAN,2027,77.23370000000011,70.12030000000011
BHR,BAHREIN,ASIA,WESTERN ASIA,Unknown,2027,80.41980000000005,78.17339999999994
BGD,BANGLADESH,ASIA,SOUTHERN ASIA,Unknown,2027,75.46910000000014,71.20410000000011
BRB,BARBADOS,AMERICAS,LATIN AMERICA AND THE CARIBBEAN,CARIBBEAN,2027,79.30089999999996,75.62220000000008
BLR,BELARÚS,EUROPE,EASTERN EUROPE,Unknown,2027,78.27200000000003,67.8456000000001
BLZ,BELICE,AMERICAS,LATIN AMERICA AND THE CARIBBEAN,CENTRAL AMERICA,2027,75.13009999999994,68.40990000000002
BEN,BENIN,AFRICA,SUB-SAHARAN AFRICA,WESTERN AFRICA,2027,61.61450000000004,58.325600000000094
BMU,BERMUDAS,AMERICAS,NORTHERN AMERICA,Unknown,2027,84.08580000000009,77.8019999999999
BTN,BHUTÁN,ASIA,SOUTHERN ASIA,Unknown,2027,73.65959999999994,70.03759999999996
BOL,BOLIVIA,AMERICAS,LATIN AMERICA AND THE CARIBBEAN,SOUTH AMERICA,2027,67.82729999999998,62.08070000000012
BIH,BOSNIA Y HERZEGOVINA,EUROPE,SOUTHERN EUROPE,Unknown,2027,77.66859999999998,73.36970000000005
BWA,BOTSWANA,AFRICA,SUB-SAHARAN AFRICA,SOUTHERN AFRICA,2027,67.10269999999998,62.143299999999954
BRA,BRASIL,AMERICAS,LATIN AMERICA AND THE CARIBBEAN,SOUTH AMERICA,2027,76.60160000000015,70.23480000000009
BRN,BRUNEI DARUSSALAM,ASIA,SOUTH-EASTERN ASIA,Unknown,2027,76.8217,72.55490000000015
BGR,BULGARIA,EUROPE,EASTERN EUROPE,Unknown,2027,77.31770000000013,70.03720000000008
BFA,BURKINA FASO,AFRICA,SUB-SAHARAN AFRICA,WESTERN AFRICA,2027,61.459500000000055,57.85759999999993
BDI,BURUNDI,AFRICA,SUB-SAHARAN AFRICA,EASTERN AFRICA,2027,63.81739999999994,59.93999999999997
BEL,BÉLGICA,EUROPE,WESTERN EUROPE,Unknown,2027,83.86499999999992,79.44400000000006
CPV,CABO VERDE,AFRICA,SUB-SAHARAN AFRICA,WESTERN AFRICA,2027,78.93610000000011,70.1776
KHM,CAMBOYA,ASIA,SOUTH-EASTERN ASIA,Unknown,2027,72.90199999999994,67.21519999999994
CMR,CAMERÚN,AFRICA,SUB-SAHARAN AFRICA,MIDDLE AFRICA,2027,62.46290000000011,59.30680000000004
CAN,CANADÁ,AMERICAS,NORTHERN AMERICA,Unknown,2027,83.74670000000002,79.20849999999997
TCD,CHAD,AFRICA,SUB-SAHARAN AFRICA,MIDDLE AFRICA,2027,54.74760000000004,51.23740000000008
CHL,CHILE,AMERICAS,LATIN AMERICA AND THE CARIBBEAN,SOUTH AMERICA,2027,81.66519999999998,76.84339999999997
CHN,CHINA,ASIA,EASTERN ASIA,Unknown,2027,81.22740000000007,75.78580000000004
CYP,CHIPRE,ASIA,WESTERN ASIA,Unknown,2027,83.50160000000001,79.74009999999997
COL,COLOMBIA,AMERICAS,LATIN AMERICA AND THE CARIBBEAN,SOUTH AMERICA,2027,77.23910000000005,70.43529999999993
COM,COMORAS,AFRICA,SUB-SAHARAN AFRICA,EASTERN AFRICA,2027,66.02770000000005,61.51740000000002
COG,"CONGO, REPÚBLICA DEL",AFRICA,SUB-SAHARAN AFRICA,MIDDLE AFRICA,2027,64.70989999999989,61.726200000000055
COD,"CONGO, REPÚBLICA DEMOCRÁTICA DEL",AFRICA,SUB-SAHARAN AFRICA,MIDDLE AFRICA,2027,61.93210000000009,57.52240000000006
KOR,"COREA, REPÚBLICA DE",ASIA,EASTERN ASIA,Unknown,2027,85.93900000000012,80.13499999999993
PRK,"COREA, REPÚBLICA POPULAR DEMOCRÁTICA DE",ASIA,EASTERN ASIA,Unknown,2027,76.26719999999992,70.87450000000001
CRI,COSTA RICA,AMERICAS,LATIN AMERICA AND THE CARIBBEAN,CENTRAL AMERICA,2027,80.15140000000002,74.9721000000001
HRV,CROACIA,EUROPE,SOUTHERN EUROPE,Unknown,2027,80.32599999999995,74.12820000000005
CUB,CUBA,AMERICAS,LATIN AMERICA AND THE CARIBBEAN,CARIBBEAN,2027,79.61360000000008,74.72209999999998
CUW,CURACAO,AMERICAS,LATIN AMERICA AND THE CARIBBEAN,CARIBBEAN,2027,80.21110000000004,74.72739999999996
CIV,CÔTE D'IVOIRE,AFRICA,SUB-SAHARAN AFRICA,WESTERN AFRICA,2027,60.228899999999996,57.65059999999993
DNK,DINAMARCA,EUROPE,NORTHERN EUROPE,Unknown,2027,83.10399999999996,79.5092
DJI,DJIBOUTI,AFRICA,SUB-SAHARAN AFRICA,EASTERN AFRICA,2027,65.43050000000005,60.21230000000002
DMA,DOMINICA,AMERICAS,LATIN AMERICA AND THE CARIBBEAN,CARIBBEAN,2027,76.56459999999997,69.99620000000006
ECU,ECUADOR,AMERICAS,LATIN AMERICA AND THE CARIBBEAN,SOUTH AMERICA,2027,79.4468999999999,73.74490000000011
EGY,"EGIPTO, REPÚBLICA ÁRABE DE",AFRICA,NORTHERN AFRICA,Unknown,2027,72.6905000000001,67.98899999999993
SLV,EL SALVADOR,AMERICAS,LATIN AMERICA AND THE CARIBBEAN,CENTRAL AMERICA,2027,75.96060000000007,66.64710000000002
ARE,EMIRATOS ÁRABES UNIDOS,ASIA,WESTERN ASIA,Unknown,2027,81.2321999999999,77.59110000000007
ERI,ERITREA,AFRICA,SUB-SAHARAN AFRICA,EASTERN AFRICA,2027,68.75850000000004,64.48290000000001
SVN,ESLOVENIA,EUROPE,SOUTHERN EUROPE,Unknown,2027,83.94370000000013,78.39300000000009
ESP,ESPAÑA,EUROPE,SOUTHERN EUROPE,Unknown,2027,85.88499999999988,80.3861999999999
USA,ESTADOS UNIDOS,AMERICAS,NORTHERN AMERICA,Unknown,2027,80.04799999999993,74.57400000000008
EST,ESTONIA,EUROPE,NORTHERN EUROPE,Unknown,2027,82.24799999999988,73.5700999999999
SWZ,ESWATINI,AFRICA,SUB-SAHARAN AFRICA,SOUTHERN AFRICA,2027,61.21550000000006,53.41949999999994
ETH,ETIOPÍA,AFRICA,SUB-SAHARAN AFRICA,EASTERN AFRICA,2027,68.71659999999991,62.45769999999993
RUS,FEDERACIÓN DE RUSIA,EUROPE,EASTERN EUROPE,Unknown,2027,76.93450000000016,66.85229999999996
FJI,FIJI,OCEANIA,MELANESIA,Unknown,2027,69.83489999999992,66.25590000000005
PHL,FILIPINAS,ASIA,SOUTH-EASTERN ASIA,Unknown,2027,73.54399999999998,69.32660000000003
FIN,FINLANDIA,EUROPE,NORTHERN EUROPE,Unknown,2027,84.21890000000009,78.86399999999995
FRA,FRANCIA,EUROPE,WESTERN EUROPE,Unknown,2027,85.31299999999992,79.41999999999993
GAB,GABÓN,AFRICA,SUB-SAHARAN AFRICA,MIDDLE AFRICA,2027,68.4964999999999,63.53219999999993
GMB,GAMBIA,AFRICA,SUB-SAHARAN AFRICA,WESTERN AFRICA,2027,64.13160000000003,61.24729999999991
GEO,GEORGIA,ASIA,WESTERN ASIA,Unknown,2027,76.73410000000003,67.29170000000008
GHA,GHANA,AFRICA,SUB-SAHARAN AFRICA,WESTERN AFRICA,2027,66.12220000000009,61.720100000000095
GIB,GIBRALTAR,EUROPE,SOUTHERN EUROPE,Unknown,2027,83.83319999999989,79.81410000000005
GRD,GRANADA,AMERICAS,LATIN AMERICA AND THE CARIBBEAN,CARIBBEAN,2027,78.37600000000003,72.72220000000007
GRC,GRECIA,EUROPE,SOUTHERN EUROPE,Unknown,2027,83.42490000000005,78.36420000000008
GRL,GROENLANDIA,AMERICAS,NORTHERN AMERICA,Unknown,2027,73.59739999999995,69.71210000000009
GUM,GUAM,OCEANIA,MICRONESIA,Unknown,2027,81.71490000000004,74.1392
GTM,GUATEMALA,AMERICAS,LATIN AMERICA AND THE CARIBBEAN,CENTRAL AMERICA,2027,72.53879999999998,66.32209999999993
GIN,GUINEA,AFRICA,SUB-SAHARAN AFRICA,WESTERN AFRICA,2027,60.2569999999999,57.64470000000006
GNQ,GUINEA ECUATORIAL,AFRICA,SUB-SAHARAN AFRICA,MIDDLE AFRICA,2027,63.09680000000002,59.2403
GNB,GUINEA-BISSAU,AFRICA,SUB-SAHARAN AFRICA,WESTERN AFRICA,2027,62.063800000000064,57.60420000000006
GUY,GUYANA,AMERICAS,LATIN AMERICA AND THE CARIBBEAN,SOUTH AMERICA,2027,69.81199999999991,63.24419999999995
HTI,HAITÍ,AMERICAS,LATIN AMERICA AND THE CARIBBEAN,CARIBBEAN,2027,66.62349999999988,60.81890000000002
HND,HONDURAS,AMERICAS,LATIN AMERICA AND THE CARIBBEAN,CENTRAL AMERICA,2027,72.89709999999992,68.76660000000005
HKG,"HONG KONG, REGIÓN ADMINISTRATIVA ESPECIAL",ASIA,EASTERN ASIA,Unknown,2027,87.04610000000011,81.4437999999999
HUN,HUNGRÍA,EUROPE,EASTERN EUROPE,Unknown,2027,79.13160000000002,72.15829999999991
IND,INDIA,ASIA,SOUTHERN ASIA,Unknown,2027,69.46810000000004,66.47530000000012
IDN,INDONESIA,ASIA,SOUTH-EASTERN ASIA,Unknown,2027,70.12519999999988,66.27840000000006
IRQ,IRAQ,ASIA,WESTERN ASIA,Unknown,2027,73.02899999999991,68.78279999999992
IRL,IRLANDA,EUROPE,NORTHERN EUROPE,Unknown,2027,84.56499999999988,81.07100000000008
IRN,"IRÁN, REPÚBLICA ISLÁMICA DEL",ASIA,SOUTHERN ASIA,Unknown,2027,77.61789999999996,72.08410000000005
IMN,ISLA DE MAN,EUROPE,NORTHERN EUROPE,Unknown,2027,82.67179999999983,78.95309999999999
MAF,ISLA DE SAN MARTÍN (PARTE FRANCESA),AMERICAS,LATIN AMERICA AND THE CARIBBEAN,CARIBBEAN,2027,83.59689999999993,77.27700000000003
ISL,ISLANDIA,EUROPE,NORTHERN EUROPE,Unknown,2027,83.8369999999999,81.23600000000005
CYM,ISLAS CAIMÁN,AMERICAS,LATIN AMERICA AND THE CARIBBEAN,CARIBBEAN,2027,82.74549999999992,78.2119999999999
FRO,ISLAS FEROE,EUROPE,NORTHERN EUROPE,Unknown,2027,84.99999999999993,81.1280000000001
MHL,ISLAS MARSHALL,OCEANIA,MICRONESIA,Unknown,2027,67.19640000000005,63.61950000000004
SLB,ISLAS SALOMÓN,OCEANIA,MELANESIA,Unknown,2027,72.19499999999995,69.1722
TCA,ISLAS TURCAS Y CAICOS,AMERICAS,LATIN AMERICA AND THE CARIBBEAN,CARIBBEAN,2027,77.89169999999986,72.37390000000009
VIR,ISLAS VÍRGENES (EE.UU.),AMERICAS,LATIN AMERICA AND THE CARIBBEAN,CARIBBEAN,2027,83.58799999999992,76.95600000000013
VGB,ISLAS VÍRGENES BRITÁNICAS,AMERICAS,LATIN AMERICA AND THE CARIBBEAN,CARIBBEAN,2027,78.14520000000009,72.87629999999994
ISR,ISRAEL,ASIA,WESTERN ASIA,Unknown,2027,84.73500000000008,80.63899999999994
ITA,ITALIA,EUROPE,SOUTHERN EUROPE,Unknown,2027,84.98099999999997,80.6619999999999
JAM,JAMAICA,AMERICAS,LATIN AMERICA AND THE CARIBBEAN,CARIBBEAN,2027,72.7905999999999,68.83489999999996
JPN,JAPÓN,ASIA,EASTERN ASIA,Unknown,2027,87.10960000000009,81.12600000000005
JOR,JORDANIA,ASIA,WESTERN ASIA,Unknown,2027,76.81160000000008,72.22849999999995
KAZ,KAZAJSTÁN,ASIA,CENTRAL ASIA,Unknown,2027,77.61849999999993,69.50850000000011
KEN,KENYA,AFRICA,SUB-SAHARAN AFRICA,EASTERN AFRICA,2027,64.62709999999997,59.64019999999993
KGZ,KIRGUISTÁN,ASIA,CENTRAL ASIA,Unknown,2027,76.85680000000006,68.68880000000004
KIR,KIRIBATI,OCEANIA,MICRONESIA,Unknown,2027,69.2585000000001,65.6431999999999
KWT,KUWAIT,ASIA,WESTERN ASIA,Unknown,2027,81.00940000000003,77.18690000000001
LSO,LESOTHO,AFRICA,SUB-SAHARAN AFRICA,SOUTHERN AFRICA,2027,56.14150000000004,50.58969999999999
LVA,LETONIA,EUROPE,NORTHERN EUROPE,Unknown,2027,79.4860000000001,70.01400000000007
LBR,LIBERIA,AFRICA,SUB-SAHARAN AFRICA,WESTERN AFRICA,2027,62.28350000000006,59.63500000000006
LBY,LIBIA,AFRICA,NORTHERN AFRICA,Unknown,2027,74.97680000000013,69.81379999999989
LIE,LIECHTENSTEIN,EUROPE,WESTERN EUROPE,Unknown,2027,85.58200000000006,82.6730000000001
LTU,LITUANIA,EUROPE,NORTHERN EUROPE,Unknown,2027,80.0010000000001,70.852
LUX,LUXEMBURGO,EUROPE,WESTERN EUROPE,Unknown,2027,85.16800000000008,80.64899999999993
LBN,LÍBANO,ASIA,WESTERN ASIA,Unknown,2027,77.55470000000008,73.40829999999994
MKD,MACEDONIA DEL NORTE,EUROPE,SOUTHERN EUROPE,Unknown,2027,76.5143999999999,72.03320000000005
MDG,MADAGASCAR,AFRICA,SUB-SAHARAN AFRICA,EASTERN AFRICA,2027,67.49389999999993,62.8397
MYS,MALASIA,ASIA,SOUTH-EASTERN ASIA,Unknown,2027,78.41300000000007,73.6082999999999
MWI,MALAWI,AFRICA,SUB-SAHARAN AFRICA,EASTERN AFRICA,2027,66.55659999999997,59.639699999999955
MDV,MALDIVAS,ASIA,SOUTHERN ASIA,Unknown,2027,81.41350000000011,79.71600000000012
MLT,MALTA,EUROPE,SOUTHERN EUROPE,Unknown,2027,84.6760000000001,80.68799999999993
MLI,MALÍ,AFRICA,SUB-SAHARAN AFRICA,WESTERN AFRICA,2027,60.58599999999992,57.95769999999997
MAR,MARRUECOS,AFRICA,NORTHERN AFRICA,Unknown,2027,76.73530000000007,72.58489999999992
MUS,MAURICIO,AFRICA,SUB-SAHARAN AFRICA,EASTERN AFRICA,2027,77.19780000000003,70.24310000000004
MRT,MAURITANIA,AFRICA,SUB-SAHARAN AFRICA,WESTERN AFRICA,2027,65.86109999999994,62.7931
FSM,MICRONESIA (ESTADOS FEDERADOS DE),OCEANIA,MICRONESIA,Unknown,2027,74.75909999999992,67.29849999999993
MNG,MONGOLIA,ASIA,EASTERN ASIA,Unknown,2027,76.86900000000004,67.63339999999997
MNE,MONTENEGRO,EUROPE,SOUTHERN EUROPE,Unknown,2027,78.61400000000009,73.16759999999992
MOZ,MOZAMBIQUE,AFRICA,SUB-SAHARAN AFRICA,EASTERN AFRICA,2027,62.757299999999944,56.589699999999965
MMR,MYANMAR,ASIA,SOUTH-EASTERN ASIA,Unknown,2027,70.52439999999986,63.82990000000006
MEX,MÉXICO,AMERICAS,LATIN AMERICA AND THE CARIBBEAN,CENTRAL AMERICA,2027,77.44219999999993,70.44060000000009
NAM,NAMIBIA,AFRICA,SUB-SAHARAN AFRICA,SOUTHERN AFRICA,2027,62.517099999999886,55.44930000000006
NRU,NAURU,OCEANIA,MICRONESIA,Unknown,2027,67.68810000000009,60.394200000000126
NPL,NEPAL,ASIA,SOUTHERN ASIA,Unknown,2027,71.67239999999988,67.90179999999991
NIC,NICARAGUA,AMERICAS,LATIN AMERICA AND THE CARIBBEAN,CENTRAL AMERICA,2027,77.23410000000014,71.29959999999994
NGA,NIGERIA,AFRICA,SUB-SAHARAN AFRICA,WESTERN AFRICA,2027,53.87350000000001,52.95240000000007
NOR,NORUEGA,EUROPE,NORTHERN EUROPE,Unknown,2027,84.46059999999994,81.19529999999999
NCL,NUEVA CALEDONIA,OCEANIA,MELANESIA,Unknown,2027,84.12659999999991,76.8245999999999
NZL,NUEVA ZELANDIA,OCEANIA,AUSTRALIA AND NEW ZEALAND,Unknown,2027,84.3279999999999,81.10319999999989
NER,NÍGER,AFRICA,SUB-SAHARAN AFRICA,WESTERN AFRICA,2027,63.081999999999915,60.793999999999954
OMN,OMÁN,ASIA,WESTERN ASIA,Unknown,2027,76.2860000000001,72.35239999999989
PAK,PAKISTÁN,ASIA,SOUTHERN ASIA,Unknown,2027,69.32930000000002,64.08140000000004
PLW,PALAU,OCEANIA,MICRONESIA,Unknown,2027,69.00050000000009,64.34710000000008
PAN,PANAMÁ,AMERICAS,LATIN AMERICA AND THE CARIBBEAN,CENTRAL AMERICA,2027,79.89820000000007,73.44189999999995
PNG,PAPUA NUEVA GUINEA,OCEANIA,MELANESIA,Unknown,2027,68.90560000000006,63.24250000000001
PRY,PARAGUAY,AMERICAS,LATIN AMERICA AND THE CARIBBEAN,SOUTH AMERICA,2027,73.89479999999995,68.12370000000007
NLD,PAÍSES BAJOS,EUROPE,WESTERN EUROPE,Unknown,2027,83.17599999999995,80.37600000000002
PER,PERÚ,AMERICAS,LATIN AMERICA AND THE CARIBBEAN,SOUTH AMERICA,2027,75.5996,71.46659999999996
PYF,POLINESIA FRANCESA,OCEANIA,POLYNESIA,Unknown,2027,85.03439999999989,80.01629999999999
POL,POLONIA,EUROPE,EASTERN EUROPE,Unknown,2027,80.98000000000009,72.9163
PRT,PORTUGAL,EUROPE,SOUTHERN EUROPE,Unknown,2027,84.46999999999998,78.7080000000001
PRI,PUERTO RICO,AMERICAS,LATIN AMERICA AND THE CARIBBEAN,CARIBBEAN,2027,84.01629999999994,75.48459999999993
QAT,QATAR,ASIA,WESTERN ASIA,Unknown,2027,81.95340000000004,79.63460000000012
MAC,"REGIÓN ADMINISTRATIVA ESPECIAL DE MACAO, CHINA",ASIA,EASTERN ASIA,Unknown,2027,87.77699999999986,82.52779999999998
GBR,REINO UNIDO,EUROPE,NORTHERN EUROPE,Unknown,2027,83.3620000000001,79.77629999999986
CAF,REPÚBLICA CENTROAFRICANA,AFRICA,SUB-SAHARAN AFRICA,MIDDLE AFRICA,2027,56.73539999999999,52.19420000000007
CZE,REPÚBLICA CHECA,EUROPE,EASTERN EUROPE,Unknown,2027,81.61960000000002,75.64259999999994
MDA,REPÚBLICA DE MOLDOVA,EUROPE,EASTERN EUROPE,Unknown,2027,73.68589999999998,64.62549999999997
LAO,REPÚBLICA DEMOCRÁTICA POPULAR LAO,ASIA,SOUTH-EASTERN ASIA,Unknown,2027,70.98089999999992,66.7145999999999
DOM,REPÚBLICA DOMINICANA,AMERICAS,LATIN AMERICA AND THE CARIBBEAN,CARIBBEAN,2027,77.12179999999998,70.4079
SVK,REPÚBLICA ESLOVACA,EUROPE,EASTERN EUROPE,Unknown,2027,79.97430000000004,72.98529999999991
SYR,REPÚBLICA ÁRABE SIRIA,ASIA,WESTERN ASIA,Unknown,2027,75.83829999999998,68.68380000000006
PSE,RIBERA OCCIDENTAL Y GAZA,ASIA,WESTERN ASIA,Unknown,2027,76.0230999999999,71.37140000000014
ROU,RUMANIA,EUROPE,EASTERN EUROPE,Unknown,2027,78.67760000000013,70.94129999999997
RWA,RWANDA,AFRICA,SUB-SAHARAN AFRICA,EASTERN AFRICA,2027,68.94119999999988,64.48730000000012
KNA,SAINT KITTS Y NEVIS,AMERICAS,LATIN AMERICA AND THE CARIBBEAN,CARIBBEAN,2027,75.52900000000008,68.53800000000007
WSM,SAMOA,OCEANIA,POLYNESIA,Unknown,2027,75.38289999999998,70.20909999999998
VCT,SAN VICENTE Y LAS GRANADINAS,AMERICAS,LATIN AMERICA AND THE CARIBBEAN,CARIBBEAN,2027,72.36289999999984,67.27509999999994
LCA,SANTA LUCÍA,AMERICAS,LATIN AMERICA AND THE CARIBBEAN,CARIBBEAN,2027,74.96620000000011,68.13340000000001
STP,SANTO TOMÉ Y PRÍNCIPE,AFRICA,SUB-SAHARAN AFRICA,MIDDLE AFRICA,2027,71.49829999999992,65.80070000000005
SEN,SENEGAL,AFRICA,SUB-SAHARAN AFRICA,WESTERN AFRICA,2027,70.10929999999995,65.42620000000004
SRB,SERBIA,EUROPE,SOUTHERN EUROPE,Unknown,2027,77.57539999999992,72.22730000000004
SYC,SEYCHELLES,AFRICA,SUB-SAHARAN AFRICA,EASTERN AFRICA,2027,76.45400000000002,71.5940000000001
SLE,SIERRA LEONA,AFRICA,SUB-SAHARAN AFRICA,WESTERN AFRICA,2027,61.70059999999994,58.96519999999997
SGP,SINGAPUR,ASIA,SOUTH-EASTERN ASIA,Unknown,2027,85.26349999999991,80.70969999999994
SXM,SINT MAARTEN (DUTCH PART),AMERICAS,LATIN AMERICA AND THE CARIBBEAN,CARIBBEAN,2027,76.99170000000005,71.22669999999998
SOM,SOMALIA,AFRICA,SUB-SAHARAN AFRICA,EASTERN AFRICA,2027,57.98899999999993,53.907399999999996
LKA,SRI LANKA,ASIA,SOUTHERN ASIA,Unknown,2027,79.99529999999986,72.88920000000003
ZAF,SUDÁFRICA,AFRICA,SUB-SAHARAN AFRICA,SOUTHERN AFRICA,2027,64.71820000000004,59.12950000000004
SDN,SUDÁN,AFRICA,NORTHERN AFRICA,Unknown,2027,68.10030000000006,62.97970000000001
SSD,SUDÁN DEL SUR,AFRICA,SUB-SAHARAN AFRICA,EASTERN AFRICA,2027,56.99470000000006,53.96759999999997
SWE,SUECIA,EUROPE,NORTHERN EUROPE,Unknown,2027,84.7446,81.37530000000001
CHE,SUIZA,EUROPE,WESTERN EUROPE,Unknown,2027,85.44299999999993,81.81300000000013
SUR,SURINAME,AMERICAS,LATIN AMERICA AND THE CARIBBEAN,SOUTH AMERICA,2027,73.81489999999997,67.40009999999995
THA,TAILANDIA,ASIA,SOUTH-EASTERN ASIA,Unknown,2027,83.59540000000004,75.11750000000008
TZA,TANZANÍA,AFRICA,SUB-SAHARAN AFRICA,EASTERN AFRICA,2027,68.68480000000008,64.15400000000004
TJK,TAYIKISTÁN,ASIA,CENTRAL ASIA,Unknown,2027,73.32740000000008,68.89219999999992
TLS,TIMOR-LESTE,ASIA,SOUTH-EASTERN ASIA,Unknown,2027,70.38360000000007,67.07129999999994
TGO,TOGO,AFRICA,SUB-SAHARAN AFRICA,WESTERN AFRICA,2027,62.184099999999916,60.77019999999991
TON,TONGA,OCEANIA,POLYNESIA,Unknown,2027,73.95519999999993,68.55759999999998
TTO,TRINIDAD Y TOBAGO,AMERICAS,LATIN AMERICA AND THE CARIBBEAN,CARIBBEAN,2027,76.89029999999988,70.76380000000005
TKM,TURKMENISTÁN,ASIA,CENTRAL ASIA,Unknown,2027,72.93570000000003,65.75740000000005
TUR,TURQUÍA,ASIA,WESTERN ASIA,Unknown,2027,80.74759999999999,74.59490000000007
TUV,TUVALU,OCEANIA,POLYNESIA,Unknown,2027,69.25420000000008,60.978400000000036
TUN,TÚNEZ,AFRICA,NORTHERN AFRICA,Unknown,2027,77.56759999999997,71.33449999999992
UKR,UCRANIA,EUROPE,EASTERN EUROPE,Unknown,2027,74.2690999999999,64.23920000000008
UGA,UGANDA,AFRICA,SUB-SAHARAN AFRICA,EASTERN AFRICA,2027,65.20959999999997,60.945699999999945
URY,URUGUAY,AMERICAS,LATIN AMERICA AND THE CARIBBEAN,SOUTH AMERICA,2027,80.9573999999999,73.64799999999987
UZB,UZBEKISTÁN,ASIA,CENTRAL ASIA,Unknown,2027,73.8631,68.66639999999997
VUT,VANUATU,OCEANIA,MELANESIA,Unknown,2027,72.95659999999992,68.42479999999993
VEN,VENEZUELA,AMERICAS,LATIN AMERICA AND THE CARIBBEAN,SOUTH AMERICA,2027,75.39439999999996,66.85730000000007
VNM,VIET NAM,ASIA,SOUTH-EASTERN ASIA,Unknown,2027,79.12679999999995,69.74930000000002
YEM,"YEMEN, REP. DEL",ASIA,WESTERN ASIA,Unknown,2027,67.36050000000006,60.69539999999994
ZMB,ZAMBIA,AFRICA,SUB-SAHARAN AFRICA,EASTERN AFRICA,2027,64.6796000000001,59.07070000000006
ZWE,ZIMBABWE,AFRICA,SUB-SAHARAN AFRICA,EASTERN AFRICA,2027,62.286500000000075,56.61930000000001
AFG,AFGANISTÁN,ASIA,SOUTHERN ASIA,Unknown,2028,65.9293,59.55980000000005
ALB,ALBANIA,EUROPE,SOUTHERN EUROPE,Unknown,2028,79.38600000000007,74.54550000000003
DEU,ALEMANIA,EUROPE,WESTERN EUROPE,Unknown,2028,83.26299999999996,78.40839999999994
AGO,ANGOLA,AFRICA,SUB-SAHARAN AFRICA,MIDDLE AFRICA,2028,64.53170000000001,59.291400000000046
ATG,ANTIGUA Y BARBUDA,AMERICAS,LATIN AMERICA AND THE CARIBBEAN,CARIBBEAN,2028,81.3273,76.26020000000008
SAU,ARABIA SAUDITA,ASIA,WESTERN ASIA,Unknown,2028,79.14450000000002,76.18410000000006
DZA,ARGELIA,AFRICA,NORTHERN AFRICA,Unknown,2028,78.10700000000003,75.4266000000001
ARG,ARGENTINA,AMERICAS,LATIN AMERICA AND THE CARIBBEAN,SOUTH AMERICA,2028,79.29859999999991,72.70020000000012
ARM,ARMENIA,ASIA,WESTERN ASIA,Unknown,2028,78.40159999999992,68.08659999999999
ABW,ARUBA,AMERICAS,LATIN AMERICA AND THE CARIBBEAN,CARIBBEAN,2028,77.76460000000009,72.2472000000001
AUS,AUSTRALIA,OCEANIA,AUSTRALIA AND NEW ZEALAND,Unknown,2028,85.30900000000001,81.22599999999994
AUT,AUSTRIA,EUROPE,WESTERN EUROPE,Unknown,2028,83.61699999999999,78.94200000000012
AZE,AZERBAIYÁN,ASIA,WESTERN ASIA,Unknown,2028,75.3183,68.98760000000007
BHS,BAHAMAS,AMERICAS,LATIN AMERICA AND THE CARIBBEAN,CARIBBEAN,2028,77.23370000000011,70.12030000000011
BHR,BAHREIN,ASIA,WESTERN ASIA,Unknown,2028,80.41980000000005,78.17339999999994
BGD,BANGLADESH,ASIA,SOUTHERN ASIA,Unknown,2028,75.46910000000014,71.20410000000011
BRB,BARBADOS,AMERICAS,LATIN AMERICA AND THE CARIBBEAN,CARIBBEAN,2028,79.30089999999996,75.62220000000008
BLR,BELARÚS,EUROPE,EASTERN EUROPE,Unknown,2028,78.27200000000003,67.8456000000001
BLZ,BELICE,AMERICAS,LATIN AMERICA AND THE CARIBBEAN,CENTRAL AMERICA,2028,75.13009999999994,68.40990000000002
BEN,BENIN,AFRICA,SUB-SAHARAN AFRICA,WESTERN AFRICA,2028,61.61450000000004,58.325600000000094
BMU,BERMUDAS,AMERICAS,NORTHERN AMERICA,Unknown,2028,84.08580000000009,77.8019999999999
BTN,BHUTÁN,ASIA,SOUTHERN ASIA,Unknown,2028,73.65959999999994,70.03759999999996
BOL,BOLIVIA,AMERICAS,LATIN AMERICA AND THE CARIBBEAN,SOUTH AMERICA,2028,67.82729999999998,62.08070000000012
BIH,BOSNIA Y HERZEGOVINA,EUROPE,SOUTHERN EUROPE,Unknown,2028,77.66859999999998,73.36970000000005
BWA,BOTSWANA,AFRICA,SUB-SAHARAN AFRICA,SOUTHERN AFRICA,2028,67.10269999999998,62.143299999999954
BRA,BRASIL,AMERICAS,LATIN AMERICA AND THE CARIBBEAN,SOUTH AMERICA,2028,76.60160000000015,70.23480000000009
BRN,BRUNEI DARUSSALAM,ASIA,SOUTH-EASTERN ASIA,Unknown,2028,76.8217,72.55490000000015
BGR,BULGARIA,EUROPE,EASTERN EUROPE,Unknown,2028,77.31770000000013,70.03720000000008
BFA,BURKINA FASO,AFRICA,SUB-SAHARAN AFRICA,WESTERN AFRICA,2028,61.459500000000055,57.85759999999993
BDI,BURUNDI,AFRICA,SUB-SAHARAN AFRICA,EASTERN AFRICA,2028,63.81739999999994,59.93999999999997
BEL,BÉLGICA,EUROPE,WESTERN EUROPE,Unknown,2028,83.86499999999992,79.44400000000006
CPV,CABO VERDE,AFRICA,SUB-SAHARAN AFRICA,WESTERN AFRICA,2028,78.93610000000011,70.1776
KHM,CAMBOYA,ASIA,SOUTH-EASTERN ASIA,Unknown,2028,72.90199999999994,67.21519999999994
CMR,CAMERÚN,AFRICA,SUB-SAHARAN AFRICA,MIDDLE AFRICA,2028,62.46290000000011,59.30680000000004
CAN,CANADÁ,AMERICAS,NORTHERN AMERICA,Unknown,2028,83.74670000000002,79.20849999999997
TCD,CHAD,AFRICA,SUB-SAHARAN AFRICA,MIDDLE AFRICA,2028,54.74760000000004,51.23740000000008
CHL,CHILE,AMERICAS,LATIN AMERICA AND THE CARIBBEAN,SOUTH AMERICA,2028,81.66519999999998,76.84339999999997
CHN,CHINA,ASIA,EASTERN ASIA,Unknown,2028,81.22740000000007,75.78580000000004
CYP,CHIPRE,ASIA,WESTERN ASIA,Unknown,2028,83.50160000000001,79.74009999999997
COL,COLOMBIA,AMERICAS,LATIN AMERICA AND THE CARIBBEAN,SOUTH AMERICA,2028,77.23910000000005,70.43529999999993
COM,COMORAS,AFRICA,SUB-SAHARAN AFRICA,EASTERN AFRICA,2028,66.02770000000005,61.51740000000002
COG,"CONGO, REPÚBLICA DEL",AFRICA,SUB-SAHARAN AFRICA,MIDDLE AFRICA,2028,64.70989999999989,61.726200000000055
COD,"CONGO, REPÚBLICA DEMOCRÁTICA DEL",AFRICA,SUB-SAHARAN AFRICA,MIDDLE AFRICA,2028,61.93210000000009,57.52240000000006
KOR,"COREA, REPÚBLICA DE",ASIA,EASTERN ASIA,Unknown,2028,85.93900000000012,80.13499999999993
PRK,"COREA, REPÚBLICA POPULAR DEMOCRÁTICA DE",ASIA,EASTERN ASIA,Unknown,2028,76.26719999999992,70.87450000000001
CRI,COSTA RICA,AMERICAS,LATIN AMERICA AND THE CARIBBEAN,CENTRAL AMERICA,2028,80.15140000000002,74.9721000000001
HRV,CROACIA,EUROPE,SOUTHERN EUROPE,Unknown,2028,80.32599999999995,74.12820000000005
CUB,CUBA,AMERICAS,LATIN AMERICA AND THE CARIBBEAN,CARIBBEAN,2028,79.61360000000008,74.72209999999998
CUW,CURACAO,AMERICAS,LATIN AMERICA AND THE CARIBBEAN,CARIBBEAN,2028,80.21110000000004,74.72739999999996
CIV,CÔTE D'IVOIRE,AFRICA,SUB-SAHARAN AFRICA,WESTERN AFRICA,2028,60.228899999999996,57.65059999999993
DNK,DINAMARCA,EUROPE,NORTHERN EUROPE,Unknown,2028,83.10399999999996,79.5092
DJI,DJIBOUTI,AFRICA,SUB-SAHARAN AFRICA,EASTERN AFRICA,2028,65.43050000000005,60.21230000000002
DMA,DOMINICA,AMERICAS,LATIN AMERICA AND THE CARIBBEAN,CARIBBEAN,2028,76.56459999999997,69.99620000000006
ECU,ECUADOR,AMERICAS,LATIN AMERICA AND THE CARIBBEAN,SOUTH AMERICA,2028,79.4468999999999,73.74490000000011
EGY,"EGIPTO, REPÚBLICA ÁRABE DE",AFRICA,NORTHERN AFRICA,Unknown,2028,72.6905000000001,67.98899999999993
SLV,EL SALVADOR,AMERICAS,LATIN AMERICA AND THE CARIBBEAN,CENTRAL AMERICA,2028,75.96060000000007,66.64710000000002
ARE,EMIRATOS ÁRABES UNIDOS,ASIA,WESTERN ASIA,Unknown,2028,81.2321999999999,77.59110000000007
ERI,ERITREA,AFRICA,SUB-SAHARAN AFRICA,EASTERN AFRICA,2028,68.75850000000004,64.48290000000001
SVN,ESLOVENIA,EUROPE,SOUTHERN EUROPE,Unknown,2028,83.94370000000013,78.39300000000009
ESP,ESPAÑA,EUROPE,SOUTHERN EUROPE,Unknown,2028,85.88499999999988,80.3861999999999
USA,ESTADOS UNIDOS,AMERICAS,NORTHERN AMERICA,Unknown,2028,80.04799999999993,74.57400000000008
EST,ESTONIA,EUROPE,NORTHERN EUROPE,Unknown,2028,82.24799999999988,73.5700999999999
SWZ,ESWATINI,AFRICA,SUB-SAHARAN AFRICA,SOUTHERN AFRICA,2028,61.21550000000006,53.41949999999994
ETH,ETIOPÍA,AFRICA,SUB-SAHARAN AFRICA,EASTERN AFRICA,2028,68.71659999999991,62.45769999999993
RUS,FEDERACIÓN DE RUSIA,EUROPE,EASTERN EUROPE,Unknown,2028,76.93450000000016,66.85229999999996
FJI,FIJI,OCEANIA,MELANESIA,Unknown,2028,69.83489999999992,66.25590000000005
PHL,FILIPINAS,ASIA,SOUTH-EASTERN ASIA,Unknown,2028,73.54399999999998,69.32660000000003
FIN,FINLANDIA,EUROPE,NORTHERN EUROPE,Unknown,2028,84.21890000000009,78.86399999999995
FRA,FRANCIA,EUROPE,WESTERN EUROPE,Unknown,2028,85.31299999999992,79.41999999999993
GAB,GABÓN,AFRICA,SUB-SAHARAN AFRICA,MIDDLE AFRICA,2028,68.4964999999999,63.53219999999993
GMB,GAMBIA,AFRICA,SUB-SAHARAN AFRICA,WESTERN AFRICA,2028,64.13160000000003,61.24729999999991
GEO,GEORGIA,ASIA,WESTERN ASIA,Unknown,2028,76.73410000000003,67.29170000000008
GHA,GHANA,AFRICA,SUB-SAHARAN AFRICA,WESTERN AFRICA,2028,66.12220000000009,61.720100000000095
GIB,GIBRALTAR,EUROPE,SOUTHERN EUROPE,Unknown,2028,83.83319999999989,79.81410000000005
GRD,GRANADA,AMERICAS,LATIN AMERICA AND THE CARIBBEAN,CARIBBEAN,2028,78.37600000000003,72.72220000000007
GRC,GRECIA,EUROPE,SOUTHERN EUROPE,Unknown,2028,83.42490000000005,78.36420000000008
GRL,GROENLANDIA,AMERICAS,NORTHERN AMERICA,Unknown,2028,73.59739999999995,69.71210000000009
GUM,GUAM,OCEANIA,MICRONESIA,Unknown,2028,81.71490000000004,74.1392
GTM,GUATEMALA,AMERICAS,LATIN AMERICA AND THE CARIBBEAN,CENTRAL AMERICA,2028,72.53879999999998,66.32209999999993
GIN,GUINEA,AFRICA,SUB-SAHARAN AFRICA,WESTERN AFRICA,2028,60.2569999999999,57.64470000000006
GNQ,GUINEA ECUATORIAL,AFRICA,SUB-SAHARAN AFRICA,MIDDLE AFRICA,2028,63.09680000000002,59.2403
GNB,GUINEA-BISSAU,AFRICA,SUB-SAHARAN AFRICA,WESTERN AFRICA,2028,62.063800000000064,57.60420000000006
GUY,GUYANA,AMERICAS,LATIN AMERICA AND THE CARIBBEAN,SOUTH AMERICA,2028,69.81199999999991,63.24419999999995
HTI,HAITÍ,AMERICAS,LATIN AMERICA AND THE CARIBBEAN,CARIBBEAN,2028,66.62349999999988,60.81890000000002
HND,HONDURAS,AMERICAS,LATIN AMERICA AND THE CARIBBEAN,CENTRAL AMERICA,2028,72.89709999999992,68.76660000000005
HKG,"HONG KONG, REGIÓN ADMINISTRATIVA ESPECIAL",ASIA,EASTERN ASIA,Unknown,2028,87.04610000000011,81.4437999999999
HUN,HUNGRÍA,EUROPE,EASTERN EUROPE,Unknown,2028,79.13160000000002,72.15829999999991
IND,INDIA,ASIA,SOUTHERN ASIA,Unknown,2028,69.46810000000004,66.47530000000012
IDN,INDONESIA,ASIA,SOUTH-EASTERN ASIA,Unknown,2028,70.12519999999988,66.27840000000006
IRQ,IRAQ,ASIA,WESTERN ASIA,Unknown,2028,73.02899999999991,68.78279999999992
IRL,IRLANDA,EUROPE,NORTHERN EUROPE,Unknown,2028,84.56499999999988,81.07100000000008
IRN,"IRÁN, REPÚBLICA ISLÁMICA DEL",ASIA,SOUTHERN ASIA,Unknown,2028,77.61789999999996,72.08410000000005
IMN,ISLA DE MAN,EUROPE,NORTHERN EUROPE,Unknown,2028,82.67179999999983,78.95309999999999
MAF,ISLA DE SAN MARTÍN (PARTE FRANCESA),AMERICAS,LATIN AMERICA AND THE CARIBBEAN,CARIBBEAN,2028,83.59689999999993,77.27700000000003
ISL,ISLANDIA,EUROPE,NORTHERN EUROPE,Unknown,2028,83.8369999999999,81.23600000000005
CYM,ISLAS CAIMÁN,AMERICAS,LATIN AMERICA AND THE CARIBBEAN,CARIBBEAN,2028,82.74549999999992,78.2119999999999
FRO,ISLAS FEROE,EUROPE,NORTHERN EUROPE,Unknown,2028,84.99999999999993,81.1280000000001
MHL,ISLAS MARSHALL,OCEANIA,MICRONESIA,Unknown,2028,67.19640000000005,63.61950000000004
SLB,ISLAS SALOMÓN,OCEANIA,MELANESIA,Unknown,2028,72.19499999999995,69.1722
TCA,ISLAS TURCAS Y CAICOS,AMERICAS,LATIN AMERICA AND THE CARIBBEAN,CARIBBEAN,2028,77.89169999999986,72.37390000000009
VIR,ISLAS VÍRGENES (EE.UU.),AMERICAS,LATIN AMERICA AND THE CARIBBEAN,CARIBBEAN,2028,83.58799999999992,76.95600000000013
VGB,ISLAS VÍRGENES BRITÁNICAS,AMERICAS,LATIN AMERICA AND THE CARIBBEAN,CARIBBEAN,2028,78.14520000000009,72.87629999999994
ISR,ISRAEL,ASIA,WESTERN ASIA,Unknown,2028,84.73500000000008,80.63899999999994
ITA,ITALIA,EUROPE,SOUTHERN EUROPE,Unknown,2028,84.98099999999997,80.6619999999999
JAM,JAMAICA,AMERICAS,LATIN AMERICA AND THE CARIBBEAN,CARIBBEAN,2028,72.7905999999999,68.83489999999996
JPN,JAPÓN,ASIA,EASTERN ASIA,Unknown,2028,87.10960000000009,81.12600000000005
JOR,JORDANIA,ASIA,WESTERN ASIA,Unknown,2028,76.81160000000008,72.22849999999995
KAZ,KAZAJSTÁN,ASIA,CENTRAL ASIA,Unknown,2028,77.61849999999993,69.50850000000011
KEN,KENYA,AFRICA,SUB-SAHARAN AFRICA,EASTERN AFRICA,2028,64.62709999999997,59.64019999999993
KGZ,KIRGUISTÁN,ASIA,CENTRAL ASIA,Unknown,2028,76.85680000000006,68.68880000000004
KIR,KIRIBATI,OCEANIA,MICRONESIA,Unknown,2028,69.2585000000001,65.6431999999999
KWT,KUWAIT,ASIA,WESTERN ASIA,Unknown,2028,81.00940000000003,77.18690000000001
LSO,LESOTHO,AFRICA,SUB-SAHARAN AFRICA,SOUTHERN AFRICA,2028,56.14150000000004,50.58969999999999
LVA,LETONIA,EUROPE,NORTHERN EUROPE,Unknown,2028,79.4860000000001,70.01400000000007
LBR,LIBERIA,AFRICA,SUB-SAHARAN AFRICA,WESTERN AFRICA,2028,62.28350000000006,59.63500000000006
LBY,LIBIA,AFRICA,NORTHERN AFRICA,Unknown,2028,74.97680000000013,69.81379999999989
LIE,LIECHTENSTEIN,EUROPE,WESTERN EUROPE,Unknown,2028,85.58200000000006,82.6730000000001
LTU,LITUANIA,EUROPE,NORTHERN EUROPE,Unknown,2028,80.0010000000001,70.852
LUX,LUXEMBURGO,EUROPE,WESTERN EUROPE,Unknown,2028,85.16800000000008,80.64899999999993
LBN,LÍBANO,ASIA,WESTERN ASIA,Unknown,2028,77.55470000000008,73.40829999999994
MKD,MACEDONIA DEL NORTE,EUROPE,SOUTHERN EUROPE,Unknown,2028,76.5143999999999,72.03320000000005
MDG,MADAGASCAR,AFRICA,SUB-SAHARAN AFRICA,EASTERN AFRICA,2028,67.49389999999993,62.8397
MYS,MALASIA,ASIA,SOUTH-EASTERN ASIA,Unknown,2028,78.41300000000007,73.6082999999999
MWI,MALAWI,AFRICA,SUB-SAHARAN AFRICA,EASTERN AFRICA,2028,66.55659999999997,59.639699999999955
MDV,MALDIVAS,ASIA,SOUTHERN ASIA,Unknown,2028,81.41350000000011,79.71600000000012
MLT,MALTA,EUROPE,SOUTHERN EUROPE,Unknown,2028,84.6760000000001,80.68799999999993
MLI,MALÍ,AFRICA,SUB-SAHARAN AFRICA,WESTERN AFRICA,2028,60.58599999999992,57.95769999999997
MAR,MARRUECOS,AFRICA,NORTHERN AFRICA,Unknown,2028,76.73530000000007,72.58489999999992
MUS,MAURICIO,AFRICA,SUB-SAHARAN AFRICA,EASTERN AFRICA,2028,77.19780000000003,70.24310000000004
MRT,MAURITANIA,AFRICA,SUB-SAHARAN AFRICA,WESTERN AFRICA,2028,65.86109999999994,62.7931
FSM,MICRONESIA (ESTADOS FEDERADOS DE),OCEANIA,MICRONESIA,Unknown,2028,74.75909999999992,67.29849999999993
MNG,MONGOLIA,ASIA,EASTERN ASIA,Unknown,2028,76.86900000000004,67.63339999999997
MNE,MONTENEGRO,EUROPE,SOUTHERN EUROPE,Unknown,2028,78.61400000000009,73.16759999999992
MOZ,MOZAMBIQUE,AFRICA,SUB-SAHARAN AFRICA,EASTERN AFRICA,2028,62.757299999999944,56.589699999999965
MMR,MYANMAR,ASIA,SOUTH-EASTERN ASIA,Unknown,2028,70.52439999999986,63.82990000000006
MEX,MÉXICO,AMERICAS,LATIN AMERICA AND THE CARIBBEAN,CENTRAL AMERICA,2028,77.44219999999993,70.44060000000009
NAM,NAMIBIA,AFRICA,SUB-SAHARAN AFRICA,SOUTHERN AFRICA,2028,62.517099999999886,55.44930000000006
NRU,NAURU,OCEANIA,MICRONESIA,Unknown,2028,67.68810000000009,60.394200000000126
NPL,NEPAL,ASIA,SOUTHERN ASIA,Unknown,2028,71.67239999999988,67.90179999999991
NIC,NICARAGUA,AMERICAS,LATIN AMERICA AND THE CARIBBEAN,CENTRAL AMERICA,2028,77.23410000000014,71.29959999999994
NGA,NIGERIA,AFRICA,SUB-SAHARAN AFRICA,WESTERN AFRICA,2028,53.87350000000001,52.95240000000007
NOR,NORUEGA,EUROPE,NORTHERN EUROPE,Unknown,2028,84.46059999999994,81.19529999999999
NCL,NUEVA CALEDONIA,OCEANIA,MELANESIA,Unknown,2028,84.12659999999991,76.8245999999999
NZL,NUEVA ZELANDIA,OCEANIA,AUSTRALIA AND NEW ZEALAND,Unknown,2028,84.3279999999999,81.10319999999989
NER,NÍGER,AFRICA,SUB-SAHARAN AFRICA,WESTERN AFRICA,2028,63.081999999999915,60.793999999999954
OMN,OMÁN,ASIA,WESTERN ASIA,Unknown,2028,76.2860000000001,72.35239999999989
PAK,PAKISTÁN,ASIA,SOUTHERN ASIA,Unknown,2028,69.32930000000002,64.08140000000004
PLW,PALAU,OCEANIA,MICRONESIA,Unknown,2028,69.00050000000009,64.34710000000008
PAN,PANAMÁ,AMERICAS,LATIN AMERICA AND THE CARIBBEAN,CENTRAL AMERICA,2028,79.89820000000007,73.44189999999995
PNG,PAPUA NUEVA GUINEA,OCEANIA,MELANESIA,Unknown,2028,68.90560000000006,63.24250000000001
PRY,PARAGUAY,AMERICAS,LATIN AMERICA AND THE CARIBBEAN,SOUTH AMERICA,2028,73.89479999999995,68.12370000000007
NLD,PAÍSES BAJOS,EUROPE,WESTERN EUROPE,Unknown,2028,83.17599999999995,80.37600000000002
PER,PERÚ,AMERICAS,LATIN AMERICA AND THE CARIBBEAN,SOUTH AMERICA,2028,75.5996,71.46659999999996
PYF,POLINESIA FRANCESA,OCEANIA,POLYNESIA,Unknown,2028,85.03439999999989,80.01629999999999
POL,POLONIA,EUROPE,EASTERN EUROPE,Unknown,2028,80.98000000000009,72.9163
PRT,PORTUGAL,EUROPE,SOUTHERN EUROPE,Unknown,2028,84.46999999999998,78.7080000000001
PRI,PUERTO RICO,AMERICAS,LATIN AMERICA AND THE CARIBBEAN,CARIBBEAN,2028,84.01629999999994,75.48459999999993
QAT,QATAR,ASIA,WESTERN ASIA,Unknown,2028,81.95340000000004,79.63460000000012
MAC,"REGIÓN ADMINISTRATIVA ESPECIAL DE MACAO, CHINA",ASIA,EASTERN ASIA,Unknown,2028,87.77699999999986,82.52779999999998
GBR,REINO UNIDO,EUROPE,NORTHERN EUROPE,Unknown,2028,83.3620000000001,79.77629999999986
CAF,REPÚBLICA CENTROAFRICANA,AFRICA,SUB-SAHARAN AFRICA,MIDDLE AFRICA,2028,56.73539999999999,52.19420000000007
CZE,REPÚBLICA CHECA,EUROPE,EASTERN EUROPE,Unknown,2028,81.61960000000002,75.64259999999994
MDA,REPÚBLICA DE MOLDOVA,EUROPE,EASTERN EUROPE,Unknown,2028,73.68589999999998,64.62549999999997
LAO,REPÚBLICA DEMOCRÁTICA POPULAR LAO,ASIA,SOUTH-EASTERN ASIA,Unknown,2028,70.98089999999992,66.7145999999999
DOM,REPÚBLICA DOMINICANA,AMERICAS,LATIN AMERICA AND THE CARIBBEAN,CARIBBEAN,2028,77.12179999999998,70.4079
SVK,REPÚBLICA ESLOVACA,EUROPE,EASTERN EUROPE,Unknown,2028,79.97430000000004,72.98529999999991
SYR,REPÚBLICA ÁRABE SIRIA,ASIA,WESTERN ASIA,Unknown,2028,75.83829999999998,68.68380000000006
PSE,RIBERA OCCIDENTAL Y GAZA,ASIA,WESTERN ASIA,Unknown,2028,76.0230999999999,71.37140000000014
ROU,RUMANIA,EUROPE,EASTERN EUROPE,Unknown,2028,78.67760000000013,70.94129999999997
RWA,RWANDA,AFRICA,SUB-SAHARAN AFRICA,EASTERN AFRICA,2028,68.94119999999988,64.48730000000012
KNA,SAINT KITTS Y NEVIS,AMERICAS,LATIN AMERICA AND THE CARIBBEAN,CARIBBEAN,2028,75.52900000000008,68.53800000000007
WSM,SAMOA,OCEANIA,POLYNESIA,Unknown,2028,75.38289999999998,70.20909999999998
VCT,SAN VICENTE Y LAS GRANADINAS,AMERICAS,LATIN AMERICA AND THE CARIBBEAN,CARIBBEAN,2028,72.36289999999984,67.27509999999994
LCA,SANTA LUCÍA,AMERICAS,LATIN AMERICA AND THE CARIBBEAN,CARIBBEAN,2028,74.96620000000011,68.13340000000001
STP,SANTO TOMÉ Y PRÍNCIPE,AFRICA,SUB-SAHARAN AFRICA,MIDDLE AFRICA,2028,71.49829999999992,65.80070000000005
SEN,SENEGAL,AFRICA,SUB-SAHARAN AFRICA,WESTERN AFRICA,2028,70.10929999999995,65.42620000000004
SRB,SERBIA,EUROPE,SOUTHERN EUROPE,Unknown,2028,77.57539999999992,72.22730000000004
SYC,SEYCHELLES,AFRICA,SUB-SAHARAN AFRICA,EASTERN AFRICA,2028,76.45400000000002,71.5940000000001
SLE,SIERRA LEONA,AFRICA,SUB-SAHARAN AFRICA,WESTERN AFRICA,2028,61.70059999999994,58.96519999999997
SGP,SINGAPUR,ASIA,SOUTH-EASTERN ASIA,Unknown,2028,85.26349999999991,80.70969999999994
SXM,SINT MAARTEN (DUTCH PART),AMERICAS,LATIN AMERICA AND THE CARIBBEAN,CARIBBEAN,2028,76.99170000000005,71.22669999999998
SOM,SOMALIA,AFRICA,SUB-SAHARAN AFRICA,EASTERN AFRICA,2028,57.98899999999993,53.907399999999996
LKA,SRI LANKA,ASIA,SOUTHERN ASIA,Unknown,2028,79.99529999999986,72.88920000000003
ZAF,SUDÁFRICA,AFRICA,SUB-SAHARAN AFRICA,SOUTHERN AFRICA,2028,64.71820000000004,59.12950000000004
SDN,SUDÁN,AFRICA,NORTHERN AFRICA,Unknown,2028,68.10030000000006,62.97970000000001
SSD,SUDÁN DEL SUR,AFRICA,SUB-SAHARAN AFRICA,EASTERN AFRICA,2028,56.99470000000006,53.96759999999997
SWE,SUECIA,EUROPE,NORTHERN EUROPE,Unknown,2028,84.7446,81.37530000000001
CHE,SUIZA,EUROPE,WESTERN EUROPE,Unknown,2028,85.44299999999993,81.81300000000013
SUR,SURINAME,AMERICAS,LATIN AMERICA AND THE CARIBBEAN,SOUTH AMERICA,2028,73.81489999999997,67.40009999999995
THA,TAILANDIA,ASIA,SOUTH-EASTERN ASIA,Unknown,2028,83.59540000000004,75.11750000000008
TZA,TANZANÍA,AFRICA,SUB-SAHARAN AFRICA,EASTERN AFRICA,2028,68.68480000000008,64.15400000000004
TJK,TAYIKISTÁN,ASIA,CENTRAL ASIA,Unknown,2028,73.32740000000008,68.89219999999992
TLS,TIMOR-LESTE,ASIA,SOUTH-EASTERN ASIA,Unknown,2028,70.38360000000007,67.07129999999994
TGO,TOGO,AFRICA,SUB-SAHARAN AFRICA,WESTERN AFRICA,2028,62.184099999999916,60.77019999999991
TON,TONGA,OCEANIA,POLYNESIA,Unknown,2028,73.95519999999993,68.55759999999998
TTO,TRINIDAD Y TOBAGO,AMERICAS,LATIN AMERICA AND THE CARIBBEAN,CARIBBEAN,2028,76.89029999999988,70.76380000000005
TKM,TURKMENISTÁN,ASIA,CENTRAL ASIA,Unknown,2028,72.93570000000003,65.75740000000005
TUR,TURQUÍA,ASIA,WESTERN ASIA,Unknown,2028,80.74759999999999,74.59490000000007
TUV,TUVALU,OCEANIA,POLYNESIA,Unknown,2028,69.25420000000008,60.978400000000036
TUN,TÚNEZ,AFRICA,NORTHERN AFRICA,Unknown,2028,77.56759999999997,71.33449999999992
UKR,UCRANIA,EUROPE,EASTERN EUROPE,Unknown,2028,74.2690999999999,64.23920000000008
UGA,UGANDA,AFRICA,SUB-SAHARAN AFRICA,EASTERN AFRICA,2028,65.20959999999997,60.945699999999945
URY,URUGUAY,AMERICAS,LATIN AMERICA AND THE CARIBBEAN,SOUTH AMERICA,2028,80.9573999999999,73.64799999999987
UZB,UZBEKISTÁN,ASIA,CENTRAL ASIA,Unknown,2028,73.8631,68.66639999999997
VUT,VANUATU,OCEANIA,MELANESIA,Unknown,2028,72.95659999999992,68.42479999999993
VEN,VENEZUELA,AMERICAS,LATIN AMERICA AND THE CARIBBEAN,SOUTH AMERICA,2028,75.39439999999996,66.85730000000007
VNM,VIET NAM,ASIA,SOUTH-EASTERN ASIA,Unknown,2028,79.12679999999995,69.74930000000002
YEM,"YEMEN, REP. DEL",ASIA,WESTERN ASIA,Unknown,2028,67.36050000000006,60.69539999999994
ZMB,ZAMBIA,AFRICA,SUB-SAHARAN AFRICA,EASTERN AFRICA,2028,64.6796000000001,59.07070000000006
ZWE,ZIMBABWE,AFRICA,SUB-SAHARAN AFRICA,EASTERN AFRICA,2028,62.286500000000075,56.61930000000001
AFG,AFGANISTÁN,ASIA,SOUTHERN ASIA,Unknown,2029,65.9293,59.55980000000005
ALB,ALBANIA,EUROPE,SOUTHERN EUROPE,Unknown,2029,79.38600000000007,74.54550000000003
DEU,ALEMANIA,EUROPE,WESTERN EUROPE,Unknown,2029,83.26299999999996,78.40839999999994
AGO,ANGOLA,AFRICA,SUB-SAHARAN AFRICA,MIDDLE AFRICA,2029,64.53170000000001,59.291400000000046
ATG,ANTIGUA Y BARBUDA,AMERICAS,LATIN AMERICA AND THE CARIBBEAN,CARIBBEAN,2029,81.3273,76.26020000000008
SAU,ARABIA SAUDITA,ASIA,WESTERN ASIA,Unknown,2029,79.14450000000002,76.18410000000006
DZA,ARGELIA,AFRICA,NORTHERN AFRICA,Unknown,2029,78.10700000000003,75.4266000000001
ARG,ARGENTINA,AMERICAS,LATIN AMERICA AND THE CARIBBEAN,SOUTH AMERICA,2029,79.29859999999991,72.70020000000012
ARM,ARMENIA,ASIA,WESTERN ASIA,Unknown,2029,78.40159999999992,68.08659999999999
ABW,ARUBA,AMERICAS,LATIN AMERICA AND THE CARIBBEAN,CARIBBEAN,2029,77.76460000000009,72.2472000000001
AUS,AUSTRALIA,OCEANIA,AUSTRALIA AND NEW ZEALAND,Unknown,2029,85.30900000000001,81.22599999999994
AUT,AUSTRIA,EUROPE,WESTERN EUROPE,Unknown,2029,83.61699999999999,78.94200000000012
AZE,AZERBAIYÁN,ASIA,WESTERN ASIA,Unknown,2029,75.3183,68.98760000000007
BHS,BAHAMAS,AMERICAS,LATIN AMERICA AND THE CARIBBEAN,CARIBBEAN,2029,77.23370000000011,70.12030000000011
BHR,BAHREIN,ASIA,WESTERN ASIA,Unknown,2029,80.41980000000005,78.17339999999994
BGD,BANGLADESH,ASIA,SOUTHERN ASIA,Unknown,2029,75.46910000000014,71.20410000000011
BRB,BARBADOS,AMERICAS,LATIN AMERICA AND THE CARIBBEAN,CARIBBEAN,2029,79.30089999999996,75.62220000000008
BLR,BELARÚS,EUROPE,EASTERN EUROPE,Unknown,2029,78.27200000000003,67.8456000000001
BLZ,BELICE,AMERICAS,LATIN AMERICA AND THE CARIBBEAN,CENTRAL AMERICA,2029,75.13009999999994,68.40990000000002
BEN,BENIN,AFRICA,SUB-SAHARAN AFRICA,WESTERN AFRICA,2029,61.61450000000004,58.325600000000094
BMU,BERMUDAS,AMERICAS,NORTHERN AMERICA,Unknown,2029,84.08580000000009,77.8019999999999
BTN,BHUTÁN,ASIA,SOUTHERN ASIA,Unknown,2029,73.65959999999994,70.03759999999996
BOL,BOLIVIA,AMERICAS,LATIN AMERICA AND THE CARIBBEAN,SOUTH AMERICA,2029,67.82729999999998,62.08070000000012
BIH,BOSNIA Y HERZEGOVINA,EUROPE,SOUTHERN EUROPE,Unknown,2029,77.66859999999998,73.36970000000005
BWA,BOTSWANA,AFRICA,SUB-SAHARAN AFRICA,SOUTHERN AFRICA,2029,67.10269999999998,62.143299999999954
BRA,BRASIL,AMERICAS,LATIN AMERICA AND THE CARIBBEAN,SOUTH AMERICA,2029,76.60160000000015,70.23480000000009
BRN,BRUNEI DARUSSALAM,ASIA,SOUTH-EASTERN ASIA,Unknown,2029,76.8217,72.55490000000015
BGR,BULGARIA,EUROPE,EASTERN EUROPE,Unknown,2029,77.31770000000013,70.03720000000008
BFA,BURKINA FASO,AFRICA,SUB-SAHARAN AFRICA,WESTERN AFRICA,2029,61.459500000000055,57.85759999999993
BDI,BURUNDI,AFRICA,SUB-SAHARAN AFRICA,EASTERN AFRICA,2029,63.81739999999994,59.93999999999997
BEL,BÉLGICA,EUROPE,WESTERN EUROPE,Unknown,2029,83.86499999999992,79.44400000000006
CPV,CABO VERDE,AFRICA,SUB-SAHARAN AFRICA,WESTERN AFRICA,2029,78.93610000000011,70.1776
KHM,CAMBOYA,ASIA,SOUTH-EASTERN ASIA,Unknown,2029,72.90199999999994,67.21519999999994
CMR,CAMERÚN,AFRICA,SUB-SAHARAN AFRICA,MIDDLE AFRICA,2029,62.46290000000011,59.30680000000004
CAN,CANADÁ,AMERICAS,NORTHERN AMERICA,Unknown,2029,83.74670000000002,79.20849999999997
TCD,CHAD,AFRICA,SUB-SAHARAN AFRICA,MIDDLE AFRICA,2029,54.74760000000004,51.23740000000008
CHL,CHILE,AMERICAS,LATIN AMERICA AND THE CARIBBEAN,SOUTH AMERICA,2029,81.66519999999998,76.84339999999997
CHN,CHINA,ASIA,EASTERN ASIA,Unknown,2029,81.22740000000007,75.78580000000004
CYP,CHIPRE,ASIA,WESTERN ASIA,Unknown,2029,83.50160000000001,79.74009999999997
COL,COLOMBIA,AMERICAS,LATIN AMERICA AND THE CARIBBEAN,SOUTH AMERICA,2029,77.23910000000005,70.43529999999993
COM,COMORAS,AFRICA,SUB-SAHARAN AFRICA,EASTERN AFRICA,2029,66.02770000000005,61.51740000000002
COG,"CONGO, REPÚBLICA DEL",AFRICA,SUB-SAHARAN AFRICA,MIDDLE AFRICA,2029,64.70989999999989,61.726200000000055
COD,"CONGO, REPÚBLICA DEMOCRÁTICA DEL",AFRICA,SUB-SAHARAN AFRICA,MIDDLE AFRICA,2029,61.93210000000009,57.52240000000006
KOR,"COREA, REPÚBLICA DE",ASIA,EASTERN ASIA,Unknown,2029,85.93900000000012,80.13499999999993
PRK,"COREA, REPÚBLICA POPULAR DEMOCRÁTICA DE",ASIA,EASTERN ASIA,Unknown,2029,76.26719999999992,70.87450000000001
CRI,COSTA RICA,AMERICAS,LATIN AMERICA AND THE CARIBBEAN,CENTRAL AMERICA,2029,80.15140000000002,74.9721000000001
HRV,CROACIA,EUROPE,SOUTHERN EUROPE,Unknown,2029,80.32599999999995,74.12820000000005
CUB,CUBA,AMERICAS,LATIN AMERICA AND THE CARIBBEAN,CARIBBEAN,2029,79.61360000000008,74.72209999999998
CUW,CURACAO,AMERICAS,LATIN AMERICA AND THE CARIBBEAN,CARIBBEAN,2029,80.21110000000004,74.72739999999996
CIV,CÔTE D'IVOIRE,AFRICA,SUB-SAHARAN AFRICA,WESTERN AFRICA,2029,60.228899999999996,57.65059999999993
DNK,DINAMARCA,EUROPE,NORTHERN EUROPE,Unknown,2029,83.10399999999996,79.5092
DJI,DJIBOUTI,AFRICA,SUB-SAHARAN AFRICA,EASTERN AFRICA,2029,65.43050000000005,60.21230000000002
DMA,DOMINICA,AMERICAS,LATIN AMERICA AND THE CARIBBEAN,CARIBBEAN,2029,76.56459999999997,69.99620000000006
ECU,ECUADOR,AMERICAS,LATIN AMERICA AND THE CARIBBEAN,SOUTH AMERICA,2029,79.4468999999999,73.74490000000011
EGY,"EGIPTO, REPÚBLICA ÁRABE DE",AFRICA,NORTHERN AFRICA,Unknown,2029,72.6905000000001,67.98899999999993
SLV,EL SALVADOR,AMERICAS,LATIN AMERICA AND THE CARIBBEAN,CENTRAL AMERICA,2029,75.96060000000007,66.64710000000002
ARE,EMIRATOS ÁRABES UNIDOS,ASIA,WESTERN ASIA,Unknown,2029,81.2321999999999,77.59110000000007
ERI,ERITREA,AFRICA,SUB-SAHARAN AFRICA,EASTERN AFRICA,2029,68.75850000000004,64.48290000000001
SVN,ESLOVENIA,EUROPE,SOUTHERN EUROPE,Unknown,2029,83.94370000000013,78.39300000000009
ESP,ESPAÑA,EUROPE,SOUTHERN EUROPE,Unknown,2029,85.88499999999988,80.3861999999999
USA,ESTADOS UNIDOS,AMERICAS,NORTHERN AMERICA,Unknown,2029,80.04799999999993,74.57400000000008
EST,ESTONIA,EUROPE,NORTHERN EUROPE,Unknown,2029,82.24799999999988,73.5700999999999
SWZ,ESWATINI,AFRICA,SUB-SAHARAN AFRICA,SOUTHERN AFRICA,2029,61.21550000000006,53.41949999999994
ETH,ETIOPÍA,AFRICA,SUB-SAHARAN AFRICA,EASTERN AFRICA,2029,68.71659999999991,62.45769999999993
RUS,FEDERACIÓN DE RUSIA,EUROPE,EASTERN EUROPE,Unknown,2029,76.93450000000016,66.85229999999996
FJI,FIJI,OCEANIA,MELANESIA,Unknown,2029,69.83489999999992,66.25590000000005
PHL,FILIPINAS,ASIA,SOUTH-EASTERN ASIA,Unknown,2029,73.54399999999998,69.32660000000003
FIN,FINLANDIA,EUROPE,NORTHERN EUROPE,Unknown,2029,84.21890000000009,78.86399999999995
FRA,FRANCIA,EUROPE,WESTERN EUROPE,Unknown,2029,85.31299999999992,79.41999999999993
GAB,GABÓN,AFRICA,SUB-SAHARAN AFRICA,MIDDLE AFRICA,2029,68.4964999999999,63.53219999999993
GMB,GAMBIA,AFRICA,SUB-SAHARAN AFRICA,WESTERN AFRICA,2029,64.13160000000003,61.24729999999991
GEO,GEORGIA,ASIA,WESTERN ASIA,Unknown,2029,76.73410000000003,67.29170000000008
GHA,GHANA,AFRICA,SUB-SAHARAN AFRICA,WESTERN AFRICA,2029,66.12220000000009,61.720100000000095
GIB,GIBRALTAR,EUROPE,SOUTHERN EUROPE,Unknown,2029,83.83319999999989,79.81410000000005
GRD,GRANADA,AMERICAS,LATIN AMERICA AND THE CARIBBEAN,CARIBBEAN,2029,78.37600000000003,72.72220000000007
GRC,GRECIA,EUROPE,SOUTHERN EUROPE,Unknown,2029,83.42490000000005,78.36420000000008
GRL,GROENLANDIA,AMERICAS,NORTHERN AMERICA,Unknown,2029,73.59739999999995,69.71210000000009
GUM,GUAM,OCEANIA,MICRONESIA,Unknown,2029,81.71490000000004,74.1392
GTM,GUATEMALA,AMERICAS,LATIN AMERICA AND THE CARIBBEAN,CENTRAL AMERICA,2029,72.53879999999998,66.32209999999993
GIN,GUINEA,AFRICA,SUB-SAHARAN AFRICA,WESTERN AFRICA,2029,60.2569999999999,57.64470000000006
GNQ,GUINEA ECUATORIAL,AFRICA,SUB-SAHARAN AFRICA,MIDDLE AFRICA,2029,63.09680000000002,59.2403
GNB,GUINEA-BISSAU,AFRICA,SUB-SAHARAN AFRICA,WESTERN AFRICA,2029,62.063800000000064,57.60420000000006
GUY,GUYANA,AMERICAS,LATIN AMERICA AND THE CARIBBEAN,SOUTH AMERICA,2029,69.81199999999991,63.24419999999995
HTI,HAITÍ,AMERICAS,LATIN AMERICA AND THE CARIBBEAN,CARIBBEAN,2029,66.62349999999988,60.81890000000002
HND,HONDURAS,AMERICAS,LATIN AMERICA AND THE CARIBBEAN,CENTRAL AMERICA,2029,72.89709999999992,68.76660000000005
HKG,"HONG KONG, REGIÓN ADMINISTRATIVA ESPECIAL",ASIA,EASTERN ASIA,Unknown,2029,87.04610000000011,81.4437999999999
HUN,HUNGRÍA,EUROPE,EASTERN EUROPE,Unknown,2029,79.13160000000002,72.15829999999991
IND,INDIA,ASIA,SOUTHERN ASIA,Unknown,2029,69.46810000000004,66.47530000000012
IDN,INDONESIA,ASIA,SOUTH-EASTERN ASIA,Unknown,2029,70.12519999999988,66.27840000000006
IRQ,IRAQ,ASIA,WESTERN ASIA,Unknown,2029,73.02899999999991,68.78279999999992
IRL,IRLANDA,EUROPE,NORTHERN EUROPE,Unknown,2029,84.56499999999988,81.07100000000008
IRN,"IRÁN, REPÚBLICA ISLÁMICA DEL",ASIA,SOUTHERN ASIA,Unknown,2029,77.61789999999996,72.08410000000005
IMN,ISLA DE MAN,EUROPE,NORTHERN EUROPE,Unknown,2029,82.67179999999983,78.95309999999999
MAF,ISLA DE SAN MARTÍN (PARTE FRANCESA),AMERICAS,LATIN AMERICA AND THE CARIBBEAN,CARIBBEAN,2029,83.59689999999993,77.27700000000003
ISL,ISLANDIA,EUROPE,NORTHERN EUROPE,Unknown,2029,83.8369999999999,81.23600000000005
CYM,ISLAS CAIMÁN,AMERICAS,LATIN AMERICA AND THE CARIBBEAN,CARIBBEAN,2029,82.74549999999992,78.2119999999999
FRO,ISLAS FEROE,EUROPE,NORTHERN EUROPE,Unknown,2029,84.99999999999993,81.1280000000001
MHL,ISLAS MARSHALL,OCEANIA,MICRONESIA,Unknown,2029,67.19640000000005,63.61950000000004
SLB,ISLAS SALOMÓN,OCEANIA,MELANESIA,Unknown,2029,72.19499999999995,69.1722
TCA,ISLAS TURCAS Y CAICOS,AMERICAS,LATIN AMERICA AND THE CARIBBEAN,CARIBBEAN,2029,77.89169999999986,72.37390000000009
VIR,ISLAS VÍRGENES (EE.UU.),AMERICAS,LATIN AMERICA AND THE CARIBBEAN,CARIBBEAN,2029,83.58799999999992,76.95600000000013
VGB,ISLAS VÍRGENES BRITÁNICAS,AMERICAS,LATIN AMERICA AND THE CARIBBEAN,CARIBBEAN,2029,78.14520000000009,72.87629999999994
ISR,ISRAEL,ASIA,WESTERN ASIA,Unknown,2029,84.73500000000008,80.63899999999994
ITA,ITALIA,EUROPE,SOUTHERN EUROPE,Unknown,2029,84.98099999999997,80.6619999999999
JAM,JAMAICA,AMERICAS,LATIN AMERICA AND THE CARIBBEAN,CARIBBEAN,2029,72.7905999999999,68.83489999999996
JPN,JAPÓN,ASIA,EASTERN ASIA,Unknown,2029,87.10960000000009,81.12600000000005
JOR,JORDANIA,ASIA,WESTERN ASIA,Unknown,2029,76.81160000000008,72.22849999999995
KAZ,KAZAJSTÁN,ASIA,CENTRAL ASIA,Unknown,2029,77.61849999999993,69.50850000000011
KEN,KENYA,AFRICA,SUB-SAHARAN AFRICA,EASTERN AFRICA,2029,64.62709999999997,59.64019999999993
KGZ,KIRGUISTÁN,ASIA,CENTRAL ASIA,Unknown,2029,76.85680000000006,68.68880000000004
KIR,KIRIBATI,OCEANIA,MICRONESIA,Unknown,2029,69.2585000000001,65.6431999999999
KWT,KUWAIT,ASIA,WESTERN ASIA,Unknown,2029,81.00940000000003,77.18690000000001
LSO,LESOTHO,AFRICA,SUB-SAHARAN AFRICA,SOUTHERN AFRICA,2029,56.14150000000004,50.58969999999999
LVA,LETONIA,EUROPE,NORTHERN EUROPE,Unknown,2029,79.4860000000001,70.01400000000007
LBR,LIBERIA,AFRICA,SUB-SAHARAN AFRICA,WESTERN AFRICA,2029,62.28350000000006,59.63500000000006
LBY,LIBIA,AFRICA,NORTHERN AFRICA,Unknown,2029,74.97680000000013,69.81379999999989
LIE,LIECHTENSTEIN,EUROPE,WESTERN EUROPE,Unknown,2029,85.58200000000006,82.6730000000001
LTU,LITUANIA,EUROPE,NORTHERN EUROPE,Unknown,2029,80.0010000000001,70.852
LUX,LUXEMBURGO,EUROPE,WESTERN EUROPE,Unknown,2029,85.16800000000008,80.64899999999993
LBN,LÍBANO,ASIA,WESTERN ASIA,Unknown,2029,77.55470000000008,73.40829999999994
MKD,MACEDONIA DEL NORTE,EUROPE,SOUTHERN EUROPE,Unknown,2029,76.5143999999999,72.03320000000005
MDG,MADAGASCAR,AFRICA,SUB-SAHARAN AFRICA,EASTERN AFRICA,2029,67.49389999999993,62.8397
MYS,MALASIA,ASIA,SOUTH-EASTERN ASIA,Unknown,2029,78.41300000000007,73.6082999999999
MWI,MALAWI,AFRICA,SUB-SAHARAN AFRICA,EASTERN AFRICA,2029,66.55659999999997,59.639699999999955
MDV,MALDIVAS,ASIA,SOUTHERN ASIA,Unknown,2029,81.41350000000011,79.71600000000012
MLT,MALTA,EUROPE,SOUTHERN EUROPE,Unknown,2029,84.6760000000001,80.68799999999993
MLI,MALÍ,AFRICA,SUB-SAHARAN AFRICA,WESTERN AFRICA,2029,60.58599999999992,57.95769999999997
MAR,MARRUECOS,AFRICA,NORTHERN AFRICA,Unknown,2029,76.73530000000007,72.58489999999992
MUS,MAURICIO,AFRICA,SUB-SAHARAN AFRICA,EASTERN AFRICA,2029,77.19780000000003,70.24310000000004
MRT,MAURITANIA,AFRICA,SUB-SAHARAN AFRICA,WESTERN AFRICA,2029,65.86109999999994,62.7931
FSM,MICRONESIA (ESTADOS FEDERADOS DE),OCEANIA,MICRONESIA,Unknown,2029,74.75909999999992,67.29849999999993
MNG,MONGOLIA,ASIA,EASTERN ASIA,Unknown,2029,76.86900000000004,67.63339999999997
MNE,MONTENEGRO,EUROPE,SOUTHERN EUROPE,Unknown,2029,78.61400000000009,73.16759999999992
MOZ,MOZAMBIQUE,AFRICA,SUB-SAHARAN AFRICA,EASTERN AFRICA,2029,62.757299999999944,56.589699999999965
MMR,MYANMAR,ASIA,SOUTH-EASTERN ASIA,Unknown,2029,70.52439999999986,63.82990000000006
MEX,MÉXICO,AMERICAS,LATIN AMERICA AND THE CARIBBEAN,CENTRAL AMERICA,2029,77.44219999999993,70.44060000000009
NAM,NAMIBIA,AFRICA,SUB-SAHARAN AFRICA,SOUTHERN AFRICA,2029,62.517099999999886,55.44930000000006
NRU,NAURU,OCEANIA,MICRONESIA,Unknown,2029,67.68810000000009,60.394200000000126
NPL,NEPAL,ASIA,SOUTHERN ASIA,Unknown,2029,71.67239999999988,67.90179999999991
NIC,NICARAGUA,AMERICAS,LATIN AMERICA AND THE CARIBBEAN,CENTRAL AMERICA,2029,77.23410000000014,71.29959999999994
NGA,NIGERIA,AFRICA,SUB-SAHARAN AFRICA,WESTERN AFRICA,2029,53.87350000000001,52.95240000000007
NOR,NORUEGA,EUROPE,NORTHERN EUROPE,Unknown,2029,84.46059999999994,81.19529999999999
NCL,NUEVA CALEDONIA,OCEANIA,MELANESIA,Unknown,2029,84.12659999999991,76.8245999999999
NZL,NUEVA ZELANDIA,OCEANIA,AUSTRALIA AND NEW ZEALAND,Unknown,2029,84.3279999999999,81.10319999999989
NER,NÍGER,AFRICA,SUB-SAHARAN AFRICA,WESTERN AFRICA,2029,63.081999999999915,60.793999999999954
OMN,OMÁN,ASIA,WESTERN ASIA,Unknown,2029,76.2860000000001,72.35239999999989
PAK,PAKISTÁN,ASIA,SOUTHERN ASIA,Unknown,2029,69.32930000000002,64.08140000000004
PLW,PALAU,OCEANIA,MICRONESIA,Unknown,2029,69.00050000000009,64.34710000000008
PAN,PANAMÁ,AMERICAS,LATIN AMERICA AND THE CARIBBEAN,CENTRAL AMERICA,2029,79.89820000000007,73.44189999999995
PNG,PAPUA NUEVA GUINEA,OCEANIA,MELANESIA,Unknown,2029,68.90560000000006,63.24250000000001
PRY,PARAGUAY,AMERICAS,LATIN AMERICA AND THE CARIBBEAN,SOUTH AMERICA,2029,73.89479999999995,68.12370000000007
NLD,PAÍSES BAJOS,EUROPE,WESTERN EUROPE,Unknown,2029,83.17599999999995,80.37600000000002
PER,PERÚ,AMERICAS,LATIN AMERICA AND THE CARIBBEAN,SOUTH AMERICA,2029,75.5996,71.46659999999996
PYF,POLINESIA FRANCESA,OCEANIA,POLYNESIA,Unknown,2029,85.03439999999989,80.01629999999999
POL,POLONIA,EUROPE,EASTERN EUROPE,Unknown,2029,80.98000000000009,72.9163
PRT,PORTUGAL,EUROPE,SOUTHERN EUROPE,Unknown,2029,84.46999999999998,78.7080000000001
PRI,PUERTO RICO,AMERICAS,LATIN AMERICA AND THE CARIBBEAN,CARIBBEAN,2029,84.01629999999994,75.48459999999993
QAT,QATAR,ASIA,WESTERN ASIA,Unknown,2029,81.95340000000004,79.63460000000012
MAC,"REGIÓN ADMINISTRATIVA ESPECIAL DE MACAO, CHINA",ASIA,EASTERN ASIA,Unknown,2029,87.77699999999986,82.52779999999998
GBR,REINO UNIDO,EUROPE,NORTHERN EUROPE,Unknown,2029,83.3620000000001,79.77629999999986
CAF,REPÚBLICA CENTROAFRICANA,AFRICA,SUB-SAHARAN AFRICA,MIDDLE AFRICA,2029,56.73539999999999,52.19420000000007
CZE,REPÚBLICA CHECA,EUROPE,EASTERN EUROPE,Unknown,2029,81.61960000000002,75.64259999999994
MDA,REPÚBLICA DE MOLDOVA,EUROPE,EASTERN EUROPE,Unknown,2029,73.68589999999998,64.62549999999997
LAO,REPÚBLICA DEMOCRÁTICA POPULAR LAO,ASIA,SOUTH-EASTERN ASIA,Unknown,2029,70.98089999999992,66.7145999999999
DOM,REPÚBLICA DOMINICANA,AMERICAS,LATIN AMERICA AND THE CARIBBEAN,CARIBBEAN,2029,77.12179999999998,70.4079
SVK,REPÚBLICA ESLOVACA,EUROPE,EASTERN EUROPE,Unknown,2029,79.97430000000004,72.98529999999991
SYR,REPÚBLICA ÁRABE SIRIA,ASIA,WESTERN ASIA,Unknown,2029,75.83829999999998,68.68380000000006
PSE,RIBERA OCCIDENTAL Y GAZA,ASIA,WESTERN ASIA,Unknown,2029,76.0230999999999,71.37140000000014
ROU,RUMANIA,EUROPE,EASTERN EUROPE,Unknown,2029,78.67760000000013,70.94129999999997
RWA,RWANDA,AFRICA,SUB-SAHARAN AFRICA,EASTERN AFRICA,2029,68.94119999999988,64.48730000000012
KNA,SAINT KITTS Y NEVIS,AMERICAS,LATIN AMERICA AND THE CARIBBEAN,CARIBBEAN,2029,75.52900000000008,68.53800000000007
WSM,SAMOA,OCEANIA,POLYNESIA,Unknown,2029,75.38289999999998,70.20909999999998
VCT,SAN VICENTE Y LAS GRANADINAS,AMERICAS,LATIN AMERICA AND THE CARIBBEAN,CARIBBEAN,2029,72.36289999999984,67.27509999999994
LCA,SANTA LUCÍA,AMERICAS,LATIN AMERICA AND THE CARIBBEAN,CARIBBEAN,2029,74.96620000000011,68.13340000000001
STP,SANTO TOMÉ Y PRÍNCIPE,AFRICA,SUB-SAHARAN AFRICA,MIDDLE AFRICA,2029,71.49829999999992,65.80070000000005
SEN,SENEGAL,AFRICA,SUB-SAHARAN AFRICA,WESTERN AFRICA,2029,70.10929999999995,65.42620000000004
SRB,SERBIA,EUROPE,SOUTHERN EUROPE,Unknown,2029,77.57539999999992,72.22730000000004
SYC,SEYCHELLES,AFRICA,SUB-SAHARAN AFRICA,EASTERN AFRICA,2029,76.45400000000002,71.5940000000001
SLE,SIERRA LEONA,AFRICA,SUB-SAHARAN AFRICA,WESTERN AFRICA,2029,61.70059999999994,58.96519999999997
SGP,SINGAPUR,ASIA,SOUTH-EASTERN ASIA,Unknown,2029,85.26349999999991,80.70969999999994
SXM,SINT MAARTEN (DUTCH PART),AMERICAS,LATIN AMERICA AND THE CARIBBEAN,CARIBBEAN,2029,76.99170000000005,71.22669999999998
SOM,SOMALIA,AFRICA,SUB-SAHARAN AFRICA,EASTERN AFRICA,2029,57.98899999999993,53.907399999999996
LKA,SRI LANKA,ASIA,SOUTHERN ASIA,Unknown,2029,79.99529999999986,72.88920000000003
ZAF,SUDÁFRICA,AFRICA,SUB-SAHARAN AFRICA,SOUTHERN AFRICA,2029,64.71820000000004,59.12950000000004
SDN,SUDÁN,AFRICA,NORTHERN AFRICA,Unknown,2029,68.10030000000006,62.97970000000001
SSD,SUDÁN DEL SUR,AFRICA,SUB-SAHARAN AFRICA,EASTERN AFRICA,2029,56.99470000000006,53.96759999999997
SWE,SUECIA,EUROPE,NORTHERN EUROPE,Unknown,2029,84.7446,81.37530000000001
CHE,SUIZA,EUROPE,WESTERN EUROPE,Unknown,2029,85.44299999999993,81.81300000000013
SUR,SURINAME,AMERICAS,LATIN AMERICA AND THE CARIBBEAN,SOUTH AMERICA,2029,73.81489999999997,67.40009999999995
THA,TAILANDIA,ASIA,SOUTH-EASTERN ASIA,Unknown,2029,83.59540000000004,75.11750000000008
TZA,TANZANÍA,AFRICA,SUB-SAHARAN AFRICA,EASTERN AFRICA,2029,68.68480000000008,64.15400000000004
TJK,TAYIKISTÁN,ASIA,CENTRAL ASIA,Unknown,2029,73.32740000000008,68.89219999999992
TLS,TIMOR-LESTE,ASIA,SOUTH-EASTERN ASIA,Unknown,2029,70.38360000000007,67.07129999999994
TGO,TOGO,AFRICA,SUB-SAHARAN AFRICA,WESTERN AFRICA,2029,62.184099999999916,60.77019999999991
TON,TONGA,OCEANIA,POLYNESIA,Unknown,2029,73.95519999999993,68.55759999999998
TTO,TRINIDAD Y TOBAGO,AMERICAS,LATIN AMERICA AND THE CARIBBEAN,CARIBBEAN,2029,76.89029999999988,70.76380000000005
TKM,TURKMENISTÁN,ASIA,CENTRAL ASIA,Unknown,2029,72.93570000000003,65.75740000000005
TUR,TURQUÍA,ASIA,WESTERN ASIA,Unknown,2029,80.74759999999999,74.59490000000007
TUV,TUVALU,OCEANIA,POLYNESIA,Unknown,2029,69.25420000000008,60.978400000000036
TUN,TÚNEZ,AFRICA,NORTHERN AFRICA,Unknown,2029,77.56759999999997,71.33449999999992
UKR,UCRANIA,EUROPE,EASTERN EUROPE,Unknown,2029,74.2690999999999,64.23920000000008
UGA,UGANDA,AFRICA,SUB-SAHARAN AFRICA,EASTERN AFRICA,2029,65.20959999999997,60.945699999999945
URY,URUGUAY,AMERICAS,LATIN AMERICA AND THE CARIBBEAN,SOUTH AMERICA,2029,80.9573999999999,73.64799999999987
UZB,UZBEKISTÁN,ASIA,CENTRAL ASIA,Unknown,2029,73.8631,68.66639999999997
VUT,VANUATU,OCEANIA,MELANESIA,Unknown,2029,72.95659999999992,68.42479999999993
VEN,VENEZUELA,AMERICAS,LATIN AMERICA AND THE CARIBBEAN,SOUTH AMERICA,2029,75.39439999999996,66.85730000000007
VNM,VIET NAM,ASIA,SOUTH-EASTERN ASIA,Unknown,2029,79.12679999999995,69.74930000000002
YEM,"YEMEN, REP. DEL",ASIA,WESTERN ASIA,Unknown,2029,67.36050000000006,60.69539999999994
ZMB,ZAMBIA,AFRICA,SUB-SAHARAN AFRICA,EASTERN AFRICA,2029,64.6796000000001,59.07070000000006
ZWE,ZIMBABWE,AFRICA,SUB-SAHARAN AFRICA,EASTERN AFRICA,2029,62.286500000000075,56.61930000000001
AFG,AFGANISTÁN,ASIA,SOUTHERN ASIA,Unknown,2030,65.9293,59.55980000000005
ALB,ALBANIA,EUROPE,SOUTHERN EUROPE,Unknown,2030,79.38600000000007,74.54550000000003
DEU,ALEMANIA,EUROPE,WESTERN EUROPE,Unknown,2030,83.26299999999996,78.40839999999994
AGO,ANGOLA,AFRICA,SUB-SAHARAN AFRICA,MIDDLE AFRICA,2030,64.53170000000001,59.291400000000046
ATG,ANTIGUA Y BARBUDA,AMERICAS,LATIN AMERICA AND THE CARIBBEAN,CARIBBEAN,2030,81.3273,76.26020000000008
SAU,ARABIA SAUDITA,ASIA,WESTERN ASIA,Unknown,2030,79.14450000000002,76.18410000000006
DZA,ARGELIA,AFRICA,NORTHERN AFRICA,Unknown,2030,78.10700000000003,75.4266000000001
ARG,ARGENTINA,AMERICAS,LATIN AMERICA AND THE CARIBBEAN,SOUTH AMERICA,2030,79.29859999999991,72.70020000000012
ARM,ARMENIA,ASIA,WESTERN ASIA,Unknown,2030,78.40159999999992,68.08659999999999
ABW,ARUBA,AMERICAS,LATIN AMERICA AND THE CARIBBEAN,CARIBBEAN,2030,77.76460000000009,72.2472000000001
AUS,AUSTRALIA,OCEANIA,AUSTRALIA AND NEW ZEALAND,Unknown,2030,85.30900000000001,81.22599999999994
AUT,AUSTRIA,EUROPE,WESTERN EUROPE,Unknown,2030,83.61699999999999,78.94200000000012
AZE,AZERBAIYÁN,ASIA,WESTERN ASIA,Unknown,2030,75.3183,68.98760000000007
BHS,BAHAMAS,AMERICAS,LATIN AMERICA AND THE CARIBBEAN,CARIBBEAN,2030,77.23370000000011,70.12030000000011
BHR,BAHREIN,ASIA,WESTERN ASIA,Unknown,2030,80.41980000000005,78.17339999999994
BGD,BANGLADESH,ASIA,SOUTHERN ASIA,Unknown,2030,75.46910000000014,71.20410000000011
BRB,BARBADOS,AMERICAS,LATIN AMERICA AND THE CARIBBEAN,CARIBBEAN,2030,79.30089999999996,75.62220000000008
BLR,BELARÚS,EUROPE,EASTERN EUROPE,Unknown,2030,78.27200000000003,67.8456000000001
BLZ,BELICE,AMERICAS,LATIN AMERICA AND THE CARIBBEAN,CENTRAL AMERICA,2030,75.13009999999994,68.40990000000002
BEN,BENIN,AFRICA,SUB-SAHARAN AFRICA,WESTERN AFRICA,2030,61.61450000000004,58.325600000000094
BMU,BERMUDAS,AMERICAS,NORTHERN AMERICA,Unknown,2030,84.08580000000009,77.8019999999999
BTN,BHUTÁN,ASIA,SOUTHERN ASIA,Unknown,2030,73.65959999999994,70.03759999999996
BOL,BOLIVIA,AMERICAS,LATIN AMERICA AND THE CARIBBEAN,SOUTH AMERICA,2030,67.82729999999998,62.08070000000012
BIH,BOSNIA Y HERZEGOVINA,EUROPE,SOUTHERN EUROPE,Unknown,2030,77.66859999999998,73.36970000000005
BWA,BOTSWANA,AFRICA,SUB-SAHARAN AFRICA,SOUTHERN AFRICA,2030,67.10269999999998,62.143299999999954
BRA,BRASIL,AMERICAS,LATIN AMERICA AND THE CARIBBEAN,SOUTH AMERICA,2030,76.60160000000015,70.23480000000009
BRN,BRUNEI DARUSSALAM,ASIA,SOUTH-EASTERN ASIA,Unknown,2030,76.8217,72.55490000000015
BGR,BULGARIA,EUROPE,EASTERN EUROPE,Unknown,2030,77.31770000000013,70.03720000000008
BFA,BURKINA FASO,AFRICA,SUB-SAHARAN AFRICA,WESTERN AFRICA,2030,61.459500000000055,57.85759999999993
BDI,BURUNDI,AFRICA,SUB-SAHARAN AFRICA,EASTERN AFRICA,2030,63.81739999999994,59.93999999999997
BEL,BÉLGICA,EUROPE,WESTERN EUROPE,Unknown,2030,83.86499999999992,79.44400000000006
CPV,CABO VERDE,AFRICA,SUB-SAHARAN AFRICA,WESTERN AFRICA,2030,78.93610000000011,70.1776
KHM,CAMBOYA,ASIA,SOUTH-EASTERN ASIA,Unknown,2030,72.90199999999994,67.21519999999994
CMR,CAMERÚN,AFRICA,SUB-SAHARAN AFRICA,MIDDLE AFRICA,2030,62.46290000000011,59.30680000000004
CAN,CANADÁ,AMERICAS,NORTHERN AMERICA,Unknown,2030,83.74670000000002,79.20849999999997
TCD,CHAD,AFRICA,SUB-SAHARAN AFRICA,MIDDLE AFRICA,2030,54.74760000000004,51.23740000000008
CHL,CHILE,AMERICAS,LATIN AMERICA AND THE CARIBBEAN,SOUTH AMERICA,2030,81.66519999999998,76.84339999999997
CHN,CHINA,ASIA,EASTERN ASIA,Unknown,2030,81.22740000000007,75.78580000000004
CYP,CHIPRE,ASIA,WESTERN ASIA,Unknown,2030,83.50160000000001,79.74009999999997
COL,COLOMBIA,AMERICAS,LATIN AMERICA AND THE CARIBBEAN,SOUTH AMERICA,2030,77.23910000000005,70.43529999999993
COM,COMORAS,AFRICA,SUB-SAHARAN AFRICA,EASTERN AFRICA,2030,66.02770000000005,61.51740000000002
COG,"CONGO, REPÚBLICA DEL",AFRICA,SUB-SAHARAN AFRICA,MIDDLE AFRICA,2030,64.70989999999989,61.726200000000055
COD,"CONGO, REPÚBLICA DEMOCRÁTICA DEL",AFRICA,SUB-SAHARAN AFRICA,MIDDLE AFRICA,2030,61.93210000000009,57.52240000000006
KOR,"COREA, REPÚBLICA DE",ASIA,EASTERN ASIA,Unknown,2030,85.93900000000012,80.13499999999993
PRK,"COREA, REPÚBLICA POPULAR DEMOCRÁTICA DE",ASIA,EASTERN ASIA,Unknown,2030,76.26719999999992,70.87450000000001
CRI,COSTA RICA,AMERICAS,LATIN AMERICA AND THE CARIBBEAN,CENTRAL AMERICA,2030,80.15140000000002,74.9721000000001
HRV,CROACIA,EUROPE,SOUTHERN EUROPE,Unknown,2030,80.32599999999995,74.12820000000005
CUB,CUBA,AMERICAS,LATIN AMERICA AND THE CARIBBEAN,CARIBBEAN,2030,79.61360000000008,74.72209999999998
CUW,CURACAO,AMERICAS,LATIN AMERICA AND THE CARIBBEAN,CARIBBEAN,2030,80.21110000000004,74.72739999999996
CIV,CÔTE D'IVOIRE,AFRICA,SUB-SAHARAN AFRICA,WESTERN AFRICA,2030,60.228899999999996,57.65059999999993
DNK,DINAMARCA,EUROPE,NORTHERN EUROPE,Unknown,2030,83.10399999999996,79.5092
DJI,DJIBOUTI,AFRICA,SUB-SAHARAN AFRICA,EASTERN AFRICA,2030,65.43050000000005,60.21230000000002
DMA,DOMINICA,AMERICAS,LATIN AMERICA AND THE CARIBBEAN,CARIBBEAN,2030,76.56459999999997,69.99620000000006
ECU,ECUADOR,AMERICAS,LATIN AMERICA AND THE CARIBBEAN,SOUTH AMERICA,2030,79.4468999999999,73.74490000000011
EGY,"EGIPTO, REPÚBLICA ÁRABE DE",AFRICA,NORTHERN AFRICA,Unknown,2030,72.6905000000001,67.98899999999993
SLV,EL SALVADOR,AMERICAS,LATIN AMERICA AND THE CARIBBEAN,CENTRAL AMERICA,2030,75.96060000000007,66.64710000000002
ARE,EMIRATOS ÁRABES UNIDOS,ASIA,WESTERN ASIA,Unknown,2030,81.2321999999999,77.59110000000007
ERI,ERITREA,AFRICA,SUB-SAHARAN AFRICA,EASTERN AFRICA,2030,68.75850000000004,64.48290000000001
SVN,ESLOVENIA,EUROPE,SOUTHERN EUROPE,Unknown,2030,83.94370000000013,78.39300000000009
ESP,ESPAÑA,EUROPE,SOUTHERN EUROPE,Unknown,2030,85.88499999999988,80.3861999999999
USA,ESTADOS UNIDOS,AMERICAS,NORTHERN AMERICA,Unknown,2030,80.04799999999993,74.57400000000008
EST,ESTONIA,EUROPE,NORTHERN EUROPE,Unknown,2030,82.24799999999988,73.5700999999999
SWZ,ESWATINI,AFRICA,SUB-SAHARAN AFRICA,SOUTHERN AFRICA,2030,61.21550000000006,53.41949999999994
ETH,ETIOPÍA,AFRICA,SUB-SAHARAN AFRICA,EASTERN AFRICA,2030,68.71659999999991,62.45769999999993
RUS,FEDERACIÓN DE RUSIA,EUROPE,EASTERN EUROPE,Unknown,2030,76.93450000000016,66.85229999999996
FJI,FIJI,OCEANIA,MELANESIA,Unknown,2030,69.83489999999992,66.25590000000005
PHL,FILIPINAS,ASIA,SOUTH-EASTERN ASIA,Unknown,2030,73.54399999999998,69.32660000000003
FIN,FINLANDIA,EUROPE,NORTHERN EUROPE,Unknown,2030,84.21890000000009,78.86399999999995
FRA,FRANCIA,EUROPE,WESTERN EUROPE,Unknown,2030,85.31299999999992,79.41999999999993
GAB,GABÓN,AFRICA,SUB-SAHARAN AFRICA,MIDDLE AFRICA,2030,68.4964999999999,63.53219999999993
GMB,GAMBIA,AFRICA,SUB-SAHARAN AFRICA,WESTERN AFRICA,2030,64.13160000000003,61.24729999999991
GEO,GEORGIA,ASIA,WESTERN ASIA,Unknown,2030,76.73410000000003,67.29170000000008
GHA,GHANA,AFRICA,SUB-SAHARAN AFRICA,WESTERN AFRICA,2030,66.12220000000009,61.720100000000095
GIB,GIBRALTAR,EUROPE,SOUTHERN EUROPE,Unknown,2030,83.83319999999989,79.81410000000005
GRD,GRANADA,AMERICAS,LATIN AMERICA AND THE CARIBBEAN,CARIBBEAN,2030,78.37600000000003,72.72220000000007
GRC,GRECIA,EUROPE,SOUTHERN EUROPE,Unknown,2030,83.42490000000005,78.36420000000008
GRL,GROENLANDIA,AMERICAS,NORTHERN AMERICA,Unknown,2030,73.59739999999995,69.71210000000009
GUM,GUAM,OCEANIA,MICRONESIA,Unknown,2030,81.71490000000004,74.1392
GTM,GUATEMALA,AMERICAS,LATIN AMERICA AND THE CARIBBEAN,CENTRAL AMERICA,2030,72.53879999999998,66.32209999999993
GIN,GUINEA,AFRICA,SUB-SAHARAN AFRICA,WESTERN AFRICA,2030,60.2569999999999,57.64470000000006
GNQ,GUINEA ECUATORIAL,AFRICA,SUB-SAHARAN AFRICA,MIDDLE AFRICA,2030,63.09680000000002,59.2403
GNB,GUINEA-BISSAU,AFRICA,SUB-SAHARAN AFRICA,WESTERN AFRICA,2030,62.063800000000064,57.60420000000006
GUY,GUYANA,AMERICAS,LATIN AMERICA AND THE CARIBBEAN,SOUTH AMERICA,2030,69.81199999999991,63.24419999999995
HTI,HAITÍ,AMERICAS,LATIN AMERICA AND THE CARIBBEAN,CARIBBEAN,2030,66.62349999999988,60.81890000000002
HND,HONDURAS,AMERICAS,LATIN AMERICA AND THE CARIBBEAN,CENTRAL AMERICA,2030,72.89709999999992,68.76660000000005
HKG,"HONG KONG, REGIÓN ADMINISTRATIVA ESPECIAL",ASIA,EASTERN ASIA,Unknown,2030,87.04610000000011,81.4437999999999
HUN,HUNGRÍA,EUROPE,EASTERN EUROPE,Unknown,2030,79.13160000000002,72.15829999999991
IND,INDIA,ASIA,SOUTHERN ASIA,Unknown,2030,69.46810000000004,66.47530000000012
IDN,INDONESIA,ASIA,SOUTH-EASTERN ASIA,Unknown,2030,70.12519999999988,66.27840000000006
IRQ,IRAQ,ASIA,WESTERN ASIA,Unknown,2030,73.02899999999991,68.78279999999992
IRL,IRLANDA,EUROPE,NORTHERN EUROPE,Unknown,2030,84.56499999999988,81.07100000000008
IRN,"IRÁN, REPÚBLICA ISLÁMICA DEL",ASIA,SOUTHERN ASIA,Unknown,2030,77.61789999999996,72.08410000000005
IMN,ISLA DE MAN,EUROPE,NORTHERN EUROPE,Unknown,2030,82.67179999999983,78.95309999999999
MAF,ISLA DE SAN MARTÍN (PARTE FRANCESA),AMERICAS,LATIN AMERICA AND THE CARIBBEAN,CARIBBEAN,2030,83.59689999999993,77.27700000000003
ISL,ISLANDIA,EUROPE,NORTHERN EUROPE,Unknown,2030,83.8369999999999,81.23600000000005
CYM,ISLAS CAIMÁN,AMERICAS,LATIN AMERICA AND THE CARIBBEAN,CARIBBEAN,2030,82.74549999999992,78.2119999999999
FRO,ISLAS FEROE,EUROPE,NORTHERN EUROPE,Unknown,2030,84.99999999999993,81.1280000000001
MHL,ISLAS MARSHALL,OCEANIA,MICRONESIA,Unknown,2030,67.19640000000005,63.61950000000004
SLB,ISLAS SALOMÓN,OCEANIA,MELANESIA,Unknown,2030,72.19499999999995,69.1722
TCA,ISLAS TURCAS Y CAICOS,AMERICAS,LATIN AMERICA AND THE CARIBBEAN,CARIBBEAN,2030,77.89169999999986,72.37390000000009
VIR,ISLAS VÍRGENES (EE.UU.),AMERICAS,LATIN AMERICA AND THE CARIBBEAN,CARIBBEAN,2030,83.58799999999992,76.95600000000013
VGB,ISLAS VÍRGENES BRITÁNICAS,AMERICAS,LATIN AMERICA AND THE CARIBBEAN,CARIBBEAN,2030,78.14520000000009,72.87629999999994
ISR,ISRAEL,ASIA,WESTERN ASIA,Unknown,2030,84.73500000000008,80.63899999999994
ITA,ITALIA,EUROPE,SOUTHERN EUROPE,Unknown,2030,84.98099999999997,80.6619999999999
JAM,JAMAICA,AMERICAS,LATIN AMERICA AND THE CARIBBEAN,CARIBBEAN,2030,72.7905999999999,68.83489999999996
JPN,JAPÓN,ASIA,EASTERN ASIA,Unknown,2030,87.10960000000009,81.12600000000005
JOR,JORDANIA,ASIA,WESTERN ASIA,Unknown,2030,76.81160000000008,72.22849999999995
KAZ,KAZAJSTÁN,ASIA,CENTRAL ASIA,Unknown,2030,77.61849999999993,69.50850000000011
KEN,KENYA,AFRICA,SUB-SAHARAN AFRICA,EASTERN AFRICA,2030,64.62709999999997,59.64019999999993
KGZ,KIRGUISTÁN,ASIA,CENTRAL ASIA,Unknown,2030,76.85680000000006,68.68880000000004
KIR,KIRIBATI,OCEANIA,MICRONESIA,Unknown,2030,69.2585000000001,65.6431999999999
KWT,KUWAIT,ASIA,WESTERN ASIA,Unknown,2030,81.00940000000003,77.18690000000001
LSO,LESOTHO,AFRICA,SUB-SAHARAN AFRICA,SOUTHERN AFRICA,2030,56.14150000000004,50.58969999999999
LVA,LETONIA,EUROPE,NORTHERN EUROPE,Unknown,2030,79.4860000000001,70.01400000000007
LBR,LIBERIA,AFRICA,SUB-SAHARAN AFRICA,WESTERN AFRICA,2030,62.28350000000006,59.63500000000006
LBY,LIBIA,AFRICA,NORTHERN AFRICA,Unknown,2030,74.97680000000013,69.81379999999989
LIE,LIECHTENSTEIN,EUROPE,WESTERN EUROPE,Unknown,2030,85.58200000000006,82.6730000000001
LTU,LITUANIA,EUROPE,NORTHERN EUROPE,Unknown,2030,80.0010000000001,70.852
LUX,LUXEMBURGO,EUROPE,WESTERN EUROPE,Unknown,2030,85.16800000000008,80.64899999999993
LBN,LÍBANO,ASIA,WESTERN ASIA,Unknown,2030,77.55470000000008,73.40829999999994
MKD,MACEDONIA DEL NORTE,EUROPE,SOUTHERN EUROPE,Unknown,2030,76.5143999999999,72.03320000000005
MDG,MADAGASCAR,AFRICA,SUB-SAHARAN AFRICA,EASTERN AFRICA,2030,67.49389999999993,62.8397
MYS,MALASIA,ASIA,SOUTH-EASTERN ASIA,Unknown,2030,78.41300000000007,73.6082999999999
MWI,MALAWI,AFRICA,SUB-SAHARAN AFRICA,EASTERN AFRICA,2030,66.55659999999997,59.639699999999955
MDV,MALDIVAS,ASIA,SOUTHERN ASIA,Unknown,2030,81.41350000000011,79.71600000000012
MLT,MALTA,EUROPE,SOUTHERN EUROPE,Unknown,2030,84.6760000000001,80.68799999999993
MLI,MALÍ,AFRICA,SUB-SAHARAN AFRICA,WESTERN AFRICA,2030,60.58599999999992,57.95769999999997
MAR,MARRUECOS,AFRICA,NORTHERN AFRICA,Unknown,2030,76.73530000000007,72.58489999999992
MUS,MAURICIO,AFRICA,SUB-SAHARAN AFRICA,EASTERN AFRICA,2030,77.19780000000003,70.24310000000004
MRT,MAURITANIA,AFRICA,SUB-SAHARAN AFRICA,WESTERN AFRICA,2030,65.86109999999994,62.7931
FSM,MICRONESIA (ESTADOS FEDERADOS DE),OCEANIA,MICRONESIA,Unknown,2030,74.75909999999992,67.29849999999993
MNG,MONGOLIA,ASIA,EASTERN ASIA,Unknown,2030,76.86900000000004,67.63339999999997
MNE,MONTENEGRO,EUROPE,SOUTHERN EUROPE,Unknown,2030,78.61400000000009,73.16759999999992
MOZ,MOZAMBIQUE,AFRICA,SUB-SAHARAN AFRICA,EASTERN AFRICA,2030,62.757299999999944,56.589699999999965
MMR,MYANMAR,ASIA,SOUTH-EASTERN ASIA,Unknown,2030,70.52439999999986,63.82990000000006
MEX,MÉXICO,AMERICAS,LATIN AMERICA AND THE CARIBBEAN,CENTRAL AMERICA,2030,77.44219999999993,70.44060000000009
NAM,NAMIBIA,AFRICA,SUB-SAHARAN AFRICA,SOUTHERN AFRICA,2030,62.517099999999886,55.44930000000006
NRU,NAURU,OCEANIA,MICRONESIA,Unknown,2030,67.68810000000009,60.394200000000126
NPL,NEPAL,ASIA,SOUTHERN ASIA,Unknown,2030,71.67239999999988,67.90179999999991
NIC,NICARAGUA,AMERICAS,LATIN AMERICA AND THE CARIBBEAN,CENTRAL AMERICA,2030,77.23410000000014,71.29959999999994
NGA,NIGERIA,AFRICA,SUB-SAHARAN AFRICA,WESTERN AFRICA,2030,53.87350000000001,52.95240000000007
NOR,NORUEGA,EUROPE,NORTHERN EUROPE,Unknown,2030,84.46059999999994,81.19529999999999
NCL,NUEVA CALEDONIA,OCEANIA,MELANESIA,Unknown,2030,84.12659999999991,76.8245999999999
NZL,NUEVA ZELANDIA,OCEANIA,AUSTRALIA AND NEW ZEALAND,Unknown,2030,84.3279999999999,81.10319999999989
NER,NÍGER,AFRICA,SUB-SAHARAN AFRICA,WESTERN AFRICA,2030,63.081999999999915,60.793999999999954
OMN,OMÁN,ASIA,WESTERN ASIA,Unknown,2030,76.2860000000001,72.35239999999989
PAK,PAKISTÁN,ASIA,SOUTHERN ASIA,Unknown,2030,69.32930000000002,64.08140000000004
PLW,PALAU,OCEANIA,MICRONESIA,Unknown,2030,69.00050000000009,64.34710000000008
PAN,PANAMÁ,AMERICAS,LATIN AMERICA AND THE CARIBBEAN,CENTRAL AMERICA,2030,79.89820000000007,73.44189999999995
PNG,PAPUA NUEVA GUINEA,OCEANIA,MELANESIA,Unknown,2030,68.90560000000006,63.24250000000001
PRY,PARAGUAY,AMERICAS,LATIN AMERICA AND THE CARIBBEAN,SOUTH AMERICA,2030,73.89479999999995,68.12370000000007
NLD,PAÍSES BAJOS,EUROPE,WESTERN EUROPE,Unknown,2030,83.17599999999995,80.37600000000002
PER,PERÚ,AMERICAS,LATIN AMERICA AND THE CARIBBEAN,SOUTH AMERICA,2030,75.5996,71.46659999999996
PYF,POLINESIA FRANCESA,OCEANIA,POLYNESIA,Unknown,2030,85.03439999999989,80.01629999999999
POL,POLONIA,EUROPE,EASTERN EUROPE,Unknown,2030,80.98000000000009,72.9163
PRT,PORTUGAL,EUROPE,SOUTHERN EUROPE,Unknown,2030,84.46999999999998,78.7080000000001
PRI,PUERTO RICO,AMERICAS,LATIN AMERICA AND THE CARIBBEAN,CARIBBEAN,2030,84.01629999999994,75.48459999999993
QAT,QATAR,ASIA,WESTERN ASIA,Unknown,2030,81.95340000000004,79.63460000000012
MAC,"REGIÓN ADMINISTRATIVA ESPECIAL DE MACAO, CHINA",ASIA,EASTERN ASIA,Unknown,2030,87.77699999999986,82.52779999999998
GBR,REINO UNIDO,EUROPE,NORTHERN EUROPE,Unknown,2030,83.3620000000001,79.77629999999986
CAF,REPÚBLICA CENTROAFRICANA,AFRICA,SUB-SAHARAN AFRICA,MIDDLE AFRICA,2030,56.73539999999999,52.19420000000007
CZE,REPÚBLICA CHECA,EUROPE,EASTERN EUROPE,Unknown,2030,81.61960000000002,75.64259999999994
MDA,REPÚBLICA DE MOLDOVA,EUROPE,EASTERN EUROPE,Unknown,2030,73.68589999999998,64.62549999999997
LAO,REPÚBLICA DEMOCRÁTICA POPULAR LAO,ASIA,SOUTH-EASTERN ASIA,Unknown,2030,70.98089999999992,66.7145999999999
DOM,REPÚBLICA DOMINICANA,AMERICAS,LATIN AMERICA AND THE CARIBBEAN,CARIBBEAN,2030,77.12179999999998,70.4079
SVK,REPÚBLICA ESLOVACA,EUROPE,EASTERN EUROPE,Unknown,2030,79.97430000000004,72.98529999999991
SYR,REPÚBLICA ÁRABE SIRIA,ASIA,WESTERN ASIA,Unknown,2030,75.83829999999998,68.68380000000006
PSE,RIBERA OCCIDENTAL Y GAZA,ASIA,WESTERN ASIA,Unknown,2030,76.0230999999999,71.37140000000014
ROU,RUMANIA,EUROPE,EASTERN EUROPE,Unknown,2030,78.67760000000013,70.94129999999997
RWA,RWANDA,AFRICA,SUB-SAHARAN AFRICA,EASTERN AFRICA,2030,68.94119999999988,64.48730000000012
KNA,SAINT KITTS Y NEVIS,AMERICAS,LATIN AMERICA AND THE CARIBBEAN,CARIBBEAN,2030,75.52900000000008,68.53800000000007
WSM,SAMOA,OCEANIA,POLYNESIA,Unknown,2030,75.38289999999998,70.20909999999998
VCT,SAN VICENTE Y LAS GRANADINAS,AMERICAS,LATIN AMERICA AND THE CARIBBEAN,CARIBBEAN,2030,72.36289999999984,67.27509999999994
LCA,SANTA LUCÍA,AMERICAS,LATIN AMERICA AND THE CARIBBEAN,CARIBBEAN,2030,74.96620000000011,68.13340000000001
STP,SANTO TOMÉ Y PRÍNCIPE,AFRICA,SUB-SAHARAN AFRICA,MIDDLE AFRICA,2030,71.49829999999992,65.80070000000005
SEN,SENEGAL,AFRICA,SUB-SAHARAN AFRICA,WESTERN AFRICA,2030,70.10929999999995,65.42620000000004
SRB,SERBIA,EUROPE,SOUTHERN EUROPE,Unknown,2030,77.57539999999992,72.22730000000004
SYC,SEYCHELLES,AFRICA,SUB-SAHARAN AFRICA,EASTERN AFRICA,2030,76.45400000000002,71.5940000000001
SLE,SIERRA LEONA,AFRICA,SUB-SAHARAN AFRICA,WESTERN AFRICA,2030,61.70059999999994,58.96519999999997
SGP,SINGAPUR,ASIA,SOUTH-EASTERN ASIA,Unknown,2030,85.26349999999991,80.70969999999994
SXM,SINT MAARTEN (DUTCH PART),AMERICAS,LATIN AMERICA AND THE CARIBBEAN,CARIBBEAN,2030,76.99170000000005,71.22669999999998
SOM,SOMALIA,AFRICA,SUB-SAHARAN AFRICA,EASTERN AFRICA,2030,57.98899999999993,53.907399999999996
LKA,SRI LANKA,ASIA,SOUTHERN ASIA,Unknown,2030,79.99529999999986,72.88920000000003
ZAF,SUDÁFRICA,AFRICA,SUB-SAHARAN AFRICA,SOUTHERN AFRICA,2030,64.71820000000004,59.12950000000004
SDN,SUDÁN,AFRICA,NORTHERN AFRICA,Unknown,2030,68.10030000000006,62.97970000000001
SSD,SUDÁN DEL SUR,AFRICA,SUB-SAHARAN AFRICA,EASTERN AFRICA,2030,56.99470000000006,53.96759999999997
SWE,SUECIA,EUROPE,NORTHERN EUROPE,Unknown,2030,84.7446,81.37530000000001
CHE,SUIZA,EUROPE,WESTERN EUROPE,Unknown,2030,85.44299999999993,81.81300000000013
SUR,SURINAME,AMERICAS,LATIN AMERICA AND THE CARIBBEAN,SOUTH AMERICA,2030,73.81489999999997,67.40009999999995
THA,TAILANDIA,ASIA,SOUTH-EASTERN ASIA,Unknown,2030,83.59540000000004,75.11750000000008
TZA,TANZANÍA,AFRICA,SUB-SAHARAN AFRICA,EASTERN AFRICA,2030,68.68480000000008,64.15400000000004
TJK,TAYIKISTÁN,ASIA,CENTRAL ASIA,Unknown,2030,73.32740000000008,68.89219999999992
TLS,TIMOR-LESTE,ASIA,SOUTH-EASTERN ASIA,Unknown,2030,70.38360000000007,67.07129999999994
TGO,TOGO,AFRICA,SUB-SAHARAN AFRICA,WESTERN AFRICA,2030,62.184099999999916,60.77019999999991
TON,TONGA,OCEANIA,POLYNESIA,Unknown,2030,73.95519999999993,68.55759999999998
TTO,TRINIDAD Y TOBAGO,AMERICAS,LATIN AMERICA AND THE CARIBBEAN,CARIBBEAN,2030,76.89029999999988,70.76380000000005
TKM,TURKMENISTÁN,ASIA,CENTRAL ASIA,Unknown,2030,72.93570000000003,65.75740000000005
TUR,TURQUÍA,ASIA,WESTERN ASIA,Unknown,2030,80.74759999999999,74.59490000000007
TUV,TUVALU,OCEANIA,POLYNESIA,Unknown,2030,69.25420000000008,60.978400000000036
TUN,TÚNEZ,AFRICA,NORTHERN AFRICA,Unknown,2030,77.56759999999997,71.33449999999992
UKR,UCRANIA,EUROPE,EASTERN EUROPE,Unknown,2030,74.2690999999999,64.23920000000008
UGA,UGANDA,AFRICA,SUB-SAHARAN AFRICA,EASTERN AFRICA,2030,65.20959999999997,60.945699999999945
URY,URUGUAY,AMERICAS,LATIN AMERICA AND THE CARIBBEAN,SOUTH AMERICA,2030,80.9573999999999,73.64799999999987
UZB,UZBEKISTÁN,ASIA,CENTRAL ASIA,Unknown,2030,73.8631,68.66639999999997
VUT,VANUATU,OCEANIA,MELANESIA,Unknown,2030,72.95659999999992,68.42479999999993
VEN,VENEZUELA,AMERICAS,LATIN AMERICA AND THE CARIBBEAN,SOUTH AMERICA,2030,75.39439999999996,66.85730000000007
VNM,VIET NAM,ASIA,SOUTH-EASTERN ASIA,Unknown,2030,79.12679999999995,69.74930000000002
YEM,"YEMEN, REP. DEL",ASIA,WESTERN ASIA,Unknown,2030,67.36050000000006,60.69539999999994
ZMB,ZAMBIA,AFRICA,SUB-SAHARAN AFRICA,EASTERN AFRICA,2030,64.6796000000001,59.07070000000006
ZWE,ZIMBABWE,AFRICA,SUB-SAHARAN AFRICA,EASTERN AFRICA,2030,62.286500000000075,56.61930000000001
AFG,AFGANISTÁN,ASIA,SOUTHERN ASIA,Unknown,2031,65.9293,59.55980000000005
ALB,ALBANIA,EUROPE,SOUTHERN EUROPE,Unknown,2031,79.38600000000007,74.54550000000003
DEU,ALEMANIA,EUROPE,WESTERN EUROPE,Unknown,2031,83.26299999999996,78.40839999999994
AGO,ANGOLA,AFRICA,SUB-SAHARAN AFRICA,MIDDLE AFRICA,2031,64.53170000000001,59.291400000000046
ATG,ANTIGUA Y BARBUDA,AMERICAS,LATIN AMERICA AND THE CARIBBEAN,CARIBBEAN,2031,81.3273,76.26020000000008
SAU,ARABIA SAUDITA,ASIA,WESTERN ASIA,Unknown,2031,79.14450000000002,76.18410000000006
DZA,ARGELIA,AFRICA,NORTHERN AFRICA,Unknown,2031,78.10700000000003,75.4266000000001
ARG,ARGENTINA,AMERICAS,LATIN AMERICA AND THE CARIBBEAN,SOUTH AMERICA,2031,79.29859999999991,72.70020000000012
ARM,ARMENIA,ASIA,WESTERN ASIA,Unknown,2031,78.40159999999992,68.08659999999999
ABW,ARUBA,AMERICAS,LATIN AMERICA AND THE CARIBBEAN,CARIBBEAN,2031,77.76460000000009,72.2472000000001
AUS,AUSTRALIA,OCEANIA,AUSTRALIA AND NEW ZEALAND,Unknown,2031,85.30900000000001,81.22599999999994
AUT,AUSTRIA,EUROPE,WESTERN EUROPE,Unknown,2031,83.61699999999999,78.94200000000012
AZE,AZERBAIYÁN,ASIA,WESTERN ASIA,Unknown,2031,75.3183,68.98760000000007
BHS,BAHAMAS,AMERICAS,LATIN AMERICA AND THE CARIBBEAN,CARIBBEAN,2031,77.23370000000011,70.12030000000011
BHR,BAHREIN,ASIA,WESTERN ASIA,Unknown,2031,80.41980000000005,78.17339999999994
BGD,BANGLADESH,ASIA,SOUTHERN ASIA,Unknown,2031,75.46910000000014,71.20410000000011
BRB,BARBADOS,AMERICAS,LATIN AMERICA AND THE CARIBBEAN,CARIBBEAN,2031,79.30089999999996,75.62220000000008
BLR,BELARÚS,EUROPE,EASTERN EUROPE,Unknown,2031,78.27200000000003,67.8456000000001
BLZ,BELICE,AMERICAS,LATIN AMERICA AND THE CARIBBEAN,CENTRAL AMERICA,2031,75.13009999999994,68.40990000000002
BEN,BENIN,AFRICA,SUB-SAHARAN AFRICA,WESTERN AFRICA,2031,61.61450000000004,58.325600000000094
BMU,BERMUDAS,AMERICAS,NORTHERN AMERICA,Unknown,2031,84.08580000000009,77.8019999999999
BTN,BHUTÁN,ASIA,SOUTHERN ASIA,Unknown,2031,73.65959999999994,70.03759999999996
BOL,BOLIVIA,AMERICAS,LATIN AMERICA AND THE CARIBBEAN,SOUTH AMERICA,2031,67.82729999999998,62.08070000000012
BIH,BOSNIA Y HERZEGOVINA,EUROPE,SOUTHERN EUROPE,Unknown,2031,77.66859999999998,73.36970000000005
BWA,BOTSWANA,AFRICA,SUB-SAHARAN AFRICA,SOUTHERN AFRICA,2031,67.10269999999998,62.143299999999954
BRA,BRASIL,AMERICAS,LATIN AMERICA AND THE CARIBBEAN,SOUTH AMERICA,2031,76.60160000000015,70.23480000000009
BRN,BRUNEI DARUSSALAM,ASIA,SOUTH-EASTERN ASIA,Unknown,2031,76.8217,72.55490000000015
BGR,BULGARIA,EUROPE,EASTERN EUROPE,Unknown,2031,77.31770000000013,70.03720000000008
BFA,BURKINA FASO,AFRICA,SUB-SAHARAN AFRICA,WESTERN AFRICA,2031,61.459500000000055,57.85759999999993
BDI,BURUNDI,AFRICA,SUB-SAHARAN AFRICA,EASTERN AFRICA,2031,63.81739999999994,59.93999999999997
BEL,BÉLGICA,EUROPE,WESTERN EUROPE,Unknown,2031,83.86499999999992,79.44400000000006
CPV,CABO VERDE,AFRICA,SUB-SAHARAN AFRICA,WESTERN AFRICA,2031,78.93610000000011,70.1776
KHM,CAMBOYA,ASIA,SOUTH-EASTERN ASIA,Unknown,2031,72.90199999999994,67.21519999999994
CMR,CAMERÚN,AFRICA,SUB-SAHARAN AFRICA,MIDDLE AFRICA,2031,62.46290000000011,59.30680000000004
CAN,CANADÁ,AMERICAS,NORTHERN AMERICA,Unknown,2031,83.74670000000002,79.20849999999997
TCD,CHAD,AFRICA,SUB-SAHARAN AFRICA,MIDDLE AFRICA,2031,54.74760000000004,51.23740000000008
CHL,CHILE,AMERICAS,LATIN AMERICA AND THE CARIBBEAN,SOUTH AMERICA,2031,81.66519999999998,76.84339999999997
CHN,CHINA,ASIA,EASTERN ASIA,Unknown,2031,81.22740000000007,75.78580000000004
CYP,CHIPRE,ASIA,WESTERN ASIA,Unknown,2031,83.50160000000001,79.74009999999997
COL,COLOMBIA,AMERICAS,LATIN AMERICA AND THE CARIBBEAN,SOUTH AMERICA,2031,77.23910000000005,70.43529999999993
COM,COMORAS,AFRICA,SUB-SAHARAN AFRICA,EASTERN AFRICA,2031,66.02770000000005,61.51740000000002
COG,"CONGO, REPÚBLICA DEL",AFRICA,SUB-SAHARAN AFRICA,MIDDLE AFRICA,2031,64.70989999999989,61.726200000000055
COD,"CONGO, REPÚBLICA DEMOCRÁTICA DEL",AFRICA,SUB-SAHARAN AFRICA,MIDDLE AFRICA,2031,61.93210000000009,57.52240000000006
KOR,"COREA, REPÚBLICA DE",ASIA,EASTERN ASIA,Unknown,2031,85.93900000000012,80.13499999999993
PRK,"COREA, REPÚBLICA POPULAR DEMOCRÁTICA DE",ASIA,EASTERN ASIA,Unknown,2031,76.26719999999992,70.87450000000001
CRI,COSTA RICA,AMERICAS,LATIN AMERICA AND THE CARIBBEAN,CENTRAL AMERICA,2031,80.15140000000002,74.9721000000001
HRV,CROACIA,EUROPE,SOUTHERN EUROPE,Unknown,2031,80.32599999999995,74.12820000000005
CUB,CUBA,AMERICAS,LATIN AMERICA AND THE CARIBBEAN,CARIBBEAN,2031,79.61360000000008,74.72209999999998
CUW,CURACAO,AMERICAS,LATIN AMERICA AND THE CARIBBEAN,CARIBBEAN,2031,80.21110000000004,74.72739999999996
CIV,CÔTE D'IVOIRE,AFRICA,SUB-SAHARAN AFRICA,WESTERN AFRICA,2031,60.228899999999996,57.65059999999993
DNK,DINAMARCA,EUROPE,NORTHERN EUROPE,Unknown,2031,83.10399999999996,79.5092
DJI,DJIBOUTI,AFRICA,SUB-SAHARAN AFRICA,EASTERN AFRICA,2031,65.43050000000005,60.21230000000002
DMA,DOMINICA,AMERICAS,LATIN AMERICA AND THE CARIBBEAN,CARIBBEAN,2031,76.56459999999997,69.99620000000006
ECU,ECUADOR,AMERICAS,LATIN AMERICA AND THE CARIBBEAN,SOUTH AMERICA,2031,79.4468999999999,73.74490000000011
EGY,"EGIPTO, REPÚBLICA ÁRABE DE",AFRICA,NORTHERN AFRICA,Unknown,2031,72.6905000000001,67.98899999999993
SLV,EL SALVADOR,AMERICAS,LATIN AMERICA AND THE CARIBBEAN,CENTRAL AMERICA,2031,75.96060000000007,66.64710000000002
ARE,EMIRATOS ÁRABES UNIDOS,ASIA,WESTERN ASIA,Unknown,2031,81.2321999999999,77.59110000000007
ERI,ERITREA,AFRICA,SUB-SAHARAN AFRICA,EASTERN AFRICA,2031,68.75850000000004,64.48290000000001
SVN,ESLOVENIA,EUROPE,SOUTHERN EUROPE,Unknown,2031,83.94370000000013,78.39300000000009
ESP,ESPAÑA,EUROPE,SOUTHERN EUROPE,Unknown,2031,85.88499999999988,80.3861999999999
USA,ESTADOS UNIDOS,AMERICAS,NORTHERN AMERICA,Unknown,2031,80.04799999999993,74.57400000000008
EST,ESTONIA,EUROPE,NORTHERN EUROPE,Unknown,2031,82.24799999999988,73.5700999999999
SWZ,ESWATINI,AFRICA,SUB-SAHARAN AFRICA,SOUTHERN AFRICA,2031,61.21550000000006,53.41949999999994
ETH,ETIOPÍA,AFRICA,SUB-SAHARAN AFRICA,EASTERN AFRICA,2031,68.71659999999991,62.45769999999993
RUS,FEDERACIÓN DE RUSIA,EUROPE,EASTERN EUROPE,Unknown,2031,76.93450000000016,66.85229999999996
FJI,FIJI,OCEANIA,MELANESIA,Unknown,2031,69.83489999999992,66.25590000000005
PHL,FILIPINAS,ASIA,SOUTH-EASTERN ASIA,Unknown,2031,73.54399999999998,69.32660000000003
FIN,FINLANDIA,EUROPE,NORTHERN EUROPE,Unknown,2031,84.21890000000009,78.86399999999995
FRA,FRANCIA,EUROPE,WESTERN EUROPE,Unknown,2031,85.31299999999992,79.41999999999993
GAB,GABÓN,AFRICA,SUB-SAHARAN AFRICA,MIDDLE AFRICA,2031,68.4964999999999,63.53219999999993
GMB,GAMBIA,AFRICA,SUB-SAHARAN AFRICA,WESTERN AFRICA,2031,64.13160000000003,61.24729999999991
GEO,GEORGIA,ASIA,WESTERN ASIA,Unknown,2031,76.73410000000003,67.29170000000008
GHA,GHANA,AFRICA,SUB-SAHARAN AFRICA,WESTERN AFRICA,2031,66.12220000000009,61.720100000000095
GIB,GIBRALTAR,EUROPE,SOUTHERN EUROPE,Unknown,2031,83.83319999999989,79.81410000000005
GRD,GRANADA,AMERICAS,LATIN AMERICA AND THE CARIBBEAN,CARIBBEAN,2031,78.37600000000003,72.72220000000007
GRC,GRECIA,EUROPE,SOUTHERN EUROPE,Unknown,2031,83.42490000000005,78.36420000000008
GRL,GROENLANDIA,AMERICAS,NORTHERN AMERICA,Unknown,2031,73.59739999999995,69.71210000000009
GUM,GUAM,OCEANIA,MICRONESIA,Unknown,2031,81.71490000000004,74.1392
GTM,GUATEMALA,AMERICAS,LATIN AMERICA AND THE CARIBBEAN,CENTRAL AMERICA,2031,72.53879999999998,66.32209999999993
GIN,GUINEA,AFRICA,SUB-SAHARAN AFRICA,WESTERN AFRICA,2031,60.2569999999999,57.64470000000006
GNQ,GUINEA ECUATORIAL,AFRICA,SUB-SAHARAN AFRICA,MIDDLE AFRICA,2031,63.09680000000002,59.2403
GNB,GUINEA-BISSAU,AFRICA,SUB-SAHARAN AFRICA,WESTERN AFRICA,2031,62.063800000000064,57.60420000000006
GUY,GUYANA,AMERICAS,LATIN AMERICA AND THE CARIBBEAN,SOUTH AMERICA,2031,69.81199999999991,63.24419999999995
HTI,HAITÍ,AMERICAS,LATIN AMERICA AND THE CARIBBEAN,CARIBBEAN,2031,66.62349999999988,60.81890000000002
HND,HONDURAS,AMERICAS,LATIN AMERICA AND THE CARIBBEAN,CENTRAL AMERICA,2031,72.89709999999992,68.76660000000005
HKG,"HONG KONG, REGIÓN ADMINISTRATIVA ESPECIAL",ASIA,EASTERN ASIA,Unknown,2031,87.04610000000011,81.4437999999999
HUN,HUNGRÍA,EUROPE,EASTERN EUROPE,Unknown,2031,79.13160000000002,72.15829999999991
IND,INDIA,ASIA,SOUTHERN ASIA,Unknown,2031,69.46810000000004,66.47530000000012
IDN,INDONESIA,ASIA,SOUTH-EASTERN ASIA,Unknown,2031,70.12519999999988,66.27840000000006
IRQ,IRAQ,ASIA,WESTERN ASIA,Unknown,2031,73.02899999999991,68.78279999999992
IRL,IRLANDA,EUROPE,NORTHERN EUROPE,Unknown,2031,84.56499999999988,81.07100000000008
IRN,"IRÁN, REPÚBLICA ISLÁMICA DEL",ASIA,SOUTHERN ASIA,Unknown,2031,77.61789999999996,72.08410000000005
IMN,ISLA DE MAN,EUROPE,NORTHERN EUROPE,Unknown,2031,82.67179999999983,78.95309999999999
MAF,ISLA DE SAN MARTÍN (PARTE FRANCESA),AMERICAS,LATIN AMERICA AND THE CARIBBEAN,CARIBBEAN,2031,83.59689999999993,77.27700000000003
ISL,ISLANDIA,EUROPE,NORTHERN EUROPE,Unknown,2031,83.8369999999999,81.23600000000005
CYM,ISLAS CAIMÁN,AMERICAS,LATIN AMERICA AND THE CARIBBEAN,CARIBBEAN,2031,82.74549999999992,78.2119999999999
FRO,ISLAS FEROE,EUROPE,NORTHERN EUROPE,Unknown,2031,84.99999999999993,81.1280000000001
MHL,ISLAS MARSHALL,OCEANIA,MICRONESIA,Unknown,2031,67.19640000000005,63.61950000000004
SLB,ISLAS SALOMÓN,OCEANIA,MELANESIA,Unknown,2031,72.19499999999995,69.1722
TCA,ISLAS TURCAS Y CAICOS,AMERICAS,LATIN AMERICA AND THE CARIBBEAN,CARIBBEAN,2031,77.89169999999986,72.37390000000009
VIR,ISLAS VÍRGENES (EE.UU.),AMERICAS,LATIN AMERICA AND THE CARIBBEAN,CARIBBEAN,2031,83.58799999999992,76.95600000000013
VGB,ISLAS VÍRGENES BRITÁNICAS,AMERICAS,LATIN AMERICA AND THE CARIBBEAN,CARIBBEAN,2031,78.14520000000009,72.87629999999994
ISR,ISRAEL,ASIA,WESTERN ASIA,Unknown,2031,84.73500000000008,80.63899999999994
ITA,ITALIA,EUROPE,SOUTHERN EUROPE,Unknown,2031,84.98099999999997,80.6619999999999
JAM,JAMAICA,AMERICAS,LATIN AMERICA AND THE CARIBBEAN,CARIBBEAN,2031,72.7905999999999,68.83489999999996
JPN,JAPÓN,ASIA,EASTERN ASIA,Unknown,2031,87.10960000000009,81.12600000000005
JOR,JORDANIA,ASIA,WESTERN ASIA,Unknown,2031,76.81160000000008,72.22849999999995
KAZ,KAZAJSTÁN,ASIA,CENTRAL ASIA,Unknown,2031,77.61849999999993,69.50850000000011
KEN,KENYA,AFRICA,SUB-SAHARAN AFRICA,EASTERN AFRICA,2031,64.62709999999997,59.64019999999993
KGZ,KIRGUISTÁN,ASIA,CENTRAL ASIA,Unknown,2031,76.85680000000006,68.68880000000004
KIR,KIRIBATI,OCEANIA,MICRONESIA,Unknown,2031,69.2585000000001,65.6431999999999
KWT,KUWAIT,ASIA,WESTERN ASIA,Unknown,2031,81.00940000000003,77.18690000000001
LSO,LESOTHO,AFRICA,SUB-SAHARAN AFRICA,SOUTHERN AFRICA,2031,56.14150000000004,50.58969999999999
LVA,LETONIA,EUROPE,NORTHERN EUROPE,Unknown,2031,79.4860000000001,70.01400000000007
LBR,LIBERIA,AFRICA,SUB-SAHARAN AFRICA,WESTERN AFRICA,2031,62.28350000000006,59.63500000000006
LBY,LIBIA,AFRICA,NORTHERN AFRICA,Unknown,2031,74.97680000000013,69.81379999999989
LIE,LIECHTENSTEIN,EUROPE,WESTERN EUROPE,Unknown,2031,85.58200000000006,82.6730000000001
LTU,LITUANIA,EUROPE,NORTHERN EUROPE,Unknown,2031,80.0010000000001,70.852
LUX,LUXEMBURGO,EUROPE,WESTERN EUROPE,Unknown,2031,85.16800000000008,80.64899999999993
LBN,LÍBANO,ASIA,WESTERN ASIA,Unknown,2031,77.55470000000008,73.40829999999994
MKD,MACEDONIA DEL NORTE,EUROPE,SOUTHERN EUROPE,Unknown,2031,76.5143999999999,72.03320000000005
MDG,MADAGASCAR,AFRICA,SUB-SAHARAN AFRICA,EASTERN AFRICA,2031,67.49389999999993,62.8397
MYS,MALASIA,ASIA,SOUTH-EASTERN ASIA,Unknown,2031,78.41300000000007,73.6082999999999
MWI,MALAWI,AFRICA,SUB-SAHARAN AFRICA,EASTERN AFRICA,2031,66.55659999999997,59.639699999999955
MDV,MALDIVAS,ASIA,SOUTHERN ASIA,Unknown,2031,81.41350000000011,79.71600000000012
MLT,MALTA,EUROPE,SOUTHERN EUROPE,Unknown,2031,84.6760000000001,80.68799999999993
MLI,MALÍ,AFRICA,SUB-SAHARAN AFRICA,WESTERN AFRICA,2031,60.58599999999992,57.95769999999997
MAR,MARRUECOS,AFRICA,NORTHERN AFRICA,Unknown,2031,76.73530000000007,72.58489999999992
MUS,MAURICIO,AFRICA,SUB-SAHARAN AFRICA,EASTERN AFRICA,2031,77.19780000000003,70.24310000000004
MRT,MAURITANIA,AFRICA,SUB-SAHARAN AFRICA,WESTERN AFRICA,2031,65.86109999999994,62.7931
FSM,MICRONESIA (ESTADOS FEDERADOS DE),OCEANIA,MICRONESIA,Unknown,2031,74.75909999999992,67.29849999999993
MNG,MONGOLIA,ASIA,EASTERN ASIA,Unknown,2031,76.86900000000004,67.63339999999997
MNE,MONTENEGRO,EUROPE,SOUTHERN EUROPE,Unknown,2031,78.61400000000009,73.16759999999992
MOZ,MOZAMBIQUE,AFRICA,SUB-SAHARAN AFRICA,EASTERN AFRICA,2031,62.757299999999944,56.589699999999965
MMR,MYANMAR,ASIA,SOUTH-EASTERN ASIA,Unknown,2031,70.52439999999986,63.82990000000006
MEX,MÉXICO,AMERICAS,LATIN AMERICA AND THE CARIBBEAN,CENTRAL AMERICA,2031,77.44219999999993,70.44060000000009
NAM,NAMIBIA,AFRICA,SUB-SAHARAN AFRICA,SOUTHERN AFRICA,2031,62.517099999999886,55.44930000000006
NRU,NAURU,OCEANIA,MICRONESIA,Unknown,2031,67.68810000000009,60.394200000000126
NPL,NEPAL,ASIA,SOUTHERN ASIA,Unknown,2031,71.67239999999988,67.90179999999991
NIC,NICARAGUA,AMERICAS,LATIN AMERICA AND THE CARIBBEAN,CENTRAL AMERICA,2031,77.23410000000014,71.29959999999994
NGA,NIGERIA,AFRICA,SUB-SAHARAN AFRICA,WESTERN AFRICA,2031,53.87350000000001,52.95240000000007
NOR,NORUEGA,EUROPE,NORTHERN EUROPE,Unknown,2031,84.46059999999994,81.19529999999999
NCL,NUEVA CALEDONIA,OCEANIA,MELANESIA,Unknown,2031,84.12659999999991,76.8245999999999
NZL,NUEVA ZELANDIA,OCEANIA,AUSTRALIA AND NEW ZEALAND,Unknown,2031,84.3279999999999,81.10319999999989
NER,NÍGER,AFRICA,SUB-SAHARAN AFRICA,WESTERN AFRICA,2031,63.081999999999915,60.793999999999954
OMN,OMÁN,ASIA,WESTERN ASIA,Unknown,2031,76.2860000000001,72.35239999999989
PAK,PAKISTÁN,ASIA,SOUTHERN ASIA,Unknown,2031,69.32930000000002,64.08140000000004
PLW,PALAU,OCEANIA,MICRONESIA,Unknown,2031,69.00050000000009,64.34710000000008
PAN,PANAMÁ,AMERICAS,LATIN AMERICA AND THE CARIBBEAN,CENTRAL AMERICA,2031,79.89820000000007,73.44189999999995
PNG,PAPUA NUEVA GUINEA,OCEANIA,MELANESIA,Unknown,2031,68.90560000000006,63.24250000000001
PRY,PARAGUAY,AMERICAS,LATIN AMERICA AND THE CARIBBEAN,SOUTH AMERICA,2031,73.89479999999995,68.12370000000007
NLD,PAÍSES BAJOS,EUROPE,WESTERN EUROPE,Unknown,2031,83.17599999999995,80.37600000000002
PER,PERÚ,AMERICAS,LATIN AMERICA AND THE CARIBBEAN,SOUTH AMERICA,2031,75.5996,71.46659999999996
PYF,POLINESIA FRANCESA,OCEANIA,POLYNESIA,Unknown,2031,85.03439999999989,80.01629999999999
POL,POLONIA,EUROPE,EASTERN EUROPE,Unknown,2031,80.98000000000009,72.9163
PRT,PORTUGAL,EUROPE,SOUTHERN EUROPE,Unknown,2031,84.46999999999998,78.7080000000001
PRI,PUERTO RICO,AMERICAS,LATIN AMERICA AND THE CARIBBEAN,CARIBBEAN,2031,84.01629999999994,75.48459999999993
QAT,QATAR,ASIA,WESTERN ASIA,Unknown,2031,81.95340000000004,79.63460000000012
MAC,"REGIÓN ADMINISTRATIVA ESPECIAL DE MACAO, CHINA",ASIA,EASTERN ASIA,Unknown,2031,87.77699999999986,82.52779999999998
GBR,REINO UNIDO,EUROPE,NORTHERN EUROPE,Unknown,2031,83.3620000000001,79.77629999999986
CAF,REPÚBLICA CENTROAFRICANA,AFRICA,SUB-SAHARAN AFRICA,MIDDLE AFRICA,2031,56.73539999999999,52.19420000000007
CZE,REPÚBLICA CHECA,EUROPE,EASTERN EUROPE,Unknown,2031,81.61960000000002,75.64259999999994
MDA,REPÚBLICA DE MOLDOVA,EUROPE,EASTERN EUROPE,Unknown,2031,73.68589999999998,64.62549999999997
LAO,REPÚBLICA DEMOCRÁTICA POPULAR LAO,ASIA,SOUTH-EASTERN ASIA,Unknown,2031,70.98089999999992,66.7145999999999
DOM,REPÚBLICA DOMINICANA,AMERICAS,LATIN AMERICA AND THE CARIBBEAN,CARIBBEAN,2031,77.12179999999998,70.4079
SVK,REPÚBLICA ESLOVACA,EUROPE,EASTERN EUROPE,Unknown,2031,79.97430000000004,72.98529999999991
SYR,REPÚBLICA ÁRABE SIRIA,ASIA,WESTERN ASIA,Unknown,2031,75.83829999999998,68.68380000000006
PSE,RIBERA OCCIDENTAL Y GAZA,ASIA,WESTERN ASIA,Unknown,2031,76.0230999999999,71.37140000000014
ROU,RUMANIA,EUROPE,EASTERN EUROPE,Unknown,2031,78.67760000000013,70.94129999999997
RWA,RWANDA,AFRICA,SUB-SAHARAN AFRICA,EASTERN AFRICA,2031,68.94119999999988,64.48730000000012
KNA,SAINT KITTS Y NEVIS,AMERICAS,LATIN AMERICA AND THE CARIBBEAN,CARIBBEAN,2031,75.52900000000008,68.53800000000007
WSM,SAMOA,OCEANIA,POLYNESIA,Unknown,2031,75.38289999999998,70.20909999999998
VCT,SAN VICENTE Y LAS GRANADINAS,AMERICAS,LATIN AMERICA AND THE CARIBBEAN,CARIBBEAN,2031,72.36289999999984,67.27509999999994
LCA,SANTA LUCÍA,AMERICAS,LATIN AMERICA AND THE CARIBBEAN,CARIBBEAN,2031,74.96620000000011,68.13340000000001
STP,SANTO TOMÉ Y PRÍNCIPE,AFRICA,SUB-SAHARAN AFRICA,MIDDLE AFRICA,2031,71.49829999999992,65.80070000000005
SEN,SENEGAL,AFRICA,SUB-SAHARAN AFRICA,WESTERN AFRICA,2031,70.10929999999995,65.42620000000004
SRB,SERBIA,EUROPE,SOUTHERN EUROPE,Unknown,2031,77.57539999999992,72.22730000000004
SYC,SEYCHELLES,AFRICA,SUB-SAHARAN AFRICA,EASTERN AFRICA,2031,76.45400000000002,71.5940000000001
SLE,SIERRA LEONA,AFRICA,SUB-SAHARAN AFRICA,WESTERN AFRICA,2031,61.70059999999994,58.96519999999997
SGP,SINGAPUR,ASIA,SOUTH-EASTERN ASIA,Unknown,2031,85.26349999999991,80.70969999999994
SXM,SINT MAARTEN (DUTCH PART),AMERICAS,LATIN AMERICA AND THE CARIBBEAN,CARIBBEAN,2031,76.99170000000005,71.22669999999998
SOM,SOMALIA,AFRICA,SUB-SAHARAN AFRICA,EASTERN AFRICA,2031,57.98899999999993,53.907399999999996
LKA,SRI LANKA,ASIA,SOUTHERN ASIA,Unknown,2031,79.99529999999986,72.88920000000003
ZAF,SUDÁFRICA,AFRICA,SUB-SAHARAN AFRICA,SOUTHERN AFRICA,2031,64.71820000000004,59.12950000000004
SDN,SUDÁN,AFRICA,NORTHERN AFRICA,Unknown,2031,68.10030000000006,62.97970000000001
SSD,SUDÁN DEL SUR,AFRICA,SUB-SAHARAN AFRICA,EASTERN AFRICA,2031,56.99470000000006,53.96759999999997
SWE,SUECIA,EUROPE,NORTHERN EUROPE,Unknown,2031,84.7446,81.37530000000001
CHE,SUIZA,EUROPE,WESTERN EUROPE,Unknown,2031,85.44299999999993,81.81300000000013
SUR,SURINAME,AMERICAS,LATIN AMERICA AND THE CARIBBEAN,SOUTH AMERICA,2031,73.81489999999997,67.40009999999995
THA,TAILANDIA,ASIA,SOUTH-EASTERN ASIA,Unknown,2031,83.59540000000004,75.11750000000008
TZA,TANZANÍA,AFRICA,SUB-SAHARAN AFRICA,EASTERN AFRICA,2031,68.68480000000008,64.15400000000004
TJK,TAYIKISTÁN,ASIA,CENTRAL ASIA,Unknown,2031,73.32740000000008,68.89219999999992
TLS,TIMOR-LESTE,ASIA,SOUTH-EASTERN ASIA,Unknown,2031,70.38360000000007,67.07129999999994
TGO,TOGO,AFRICA,SUB-SAHARAN AFRICA,WESTERN AFRICA,2031,62.184099999999916,60.77019999999991
TON,TONGA,OCEANIA,POLYNESIA,Unknown,2031,73.95519999999993,68.55759999999998
TTO,TRINIDAD Y TOBAGO,AMERICAS,LATIN AMERICA AND THE CARIBBEAN,CARIBBEAN,2031,76.89029999999988,70.76380000000005
TKM,TURKMENISTÁN,ASIA,CENTRAL ASIA,Unknown,2031,72.93570000000003,65.75740000000005
TUR,TURQUÍA,ASIA,WESTERN ASIA,Unknown,2031,80.74759999999999,74.59490000000007
TUV,TUVALU,OCEANIA,POLYNESIA,Unknown,2031,69.25420000000008,60.978400000000036
TUN,TÚNEZ,AFRICA,NORTHERN AFRICA,Unknown,2031,77.56759999999997,71.33449999999992
UKR,UCRANIA,EUROPE,EASTERN EUROPE,Unknown,2031,74.2690999999999,64.23920000000008
UGA,UGANDA,AFRICA,SUB-SAHARAN AFRICA,EASTERN AFRICA,2031,65.20959999999997,60.945699999999945
URY,URUGUAY,AMERICAS,LATIN AMERICA AND THE CARIBBEAN,SOUTH AMERICA,2031,80.9573999999999,73.64799999999987
UZB,UZBEKISTÁN,ASIA,CENTRAL ASIA,Unknown,2031,73.8631,68.66639999999997
VUT,VANUATU,OCEANIA,MELANESIA,Unknown,2031,72.95659999999992,68.42479999999993
VEN,VENEZUELA,AMERICAS,LATIN AMERICA AND THE CARIBBEAN,SOUTH AMERICA,2031,75.39439999999996,66.85730000000007
VNM,VIET NAM,ASIA,SOUTH-EASTERN ASIA,Unknown,2031,79.12679999999995,69.74930000000002
YEM,"YEMEN, REP. DEL",ASIA,WESTERN ASIA,Unknown,2031,67.36050000000006,60.69539999999994
ZMB,ZAMBIA,AFRICA,SUB-SAHARAN AFRICA,EASTERN AFRICA,2031,64.6796000000001,59.07070000000006
ZWE,ZIMBABWE,AFRICA,SUB-SAHARAN AFRICA,EASTERN AFRICA,2031,62.286500000000075,56.61930000000001
AFG,AFGANISTÁN,ASIA,SOUTHERN ASIA,Unknown,2032,65.9293,59.55980000000005
ALB,ALBANIA,EUROPE,SOUTHERN EUROPE,Unknown,2032,79.38600000000007,74.54550000000003
DEU,ALEMANIA,EUROPE,WESTERN EUROPE,Unknown,2032,83.26299999999996,78.40839999999994
AGO,ANGOLA,AFRICA,SUB-SAHARAN AFRICA,MIDDLE AFRICA,2032,64.53170000000001,59.291400000000046
ATG,ANTIGUA Y BARBUDA,AMERICAS,LATIN AMERICA AND THE CARIBBEAN,CARIBBEAN,2032,81.3273,76.26020000000008
SAU,ARABIA SAUDITA,ASIA,WESTERN ASIA,Unknown,2032,79.14450000000002,76.18410000000006
DZA,ARGELIA,AFRICA,NORTHERN AFRICA,Unknown,2032,78.10700000000003,75.4266000000001
ARG,ARGENTINA,AMERICAS,LATIN AMERICA AND THE CARIBBEAN,SOUTH AMERICA,2032,79.29859999999991,72.70020000000012
ARM,ARMENIA,ASIA,WESTERN ASIA,Unknown,2032,78.40159999999992,68.08659999999999
ABW,ARUBA,AMERICAS,LATIN AMERICA AND THE CARIBBEAN,CARIBBEAN,2032,77.76460000000009,72.2472000000001
AUS,AUSTRALIA,OCEANIA,AUSTRALIA AND NEW ZEALAND,Unknown,2032,85.30900000000001,81.22599999999994
AUT,AUSTRIA,EUROPE,WESTERN EUROPE,Unknown,2032,83.61699999999999,78.94200000000012
AZE,AZERBAIYÁN,ASIA,WESTERN ASIA,Unknown,2032,75.3183,68.98760000000007
BHS,BAHAMAS,AMERICAS,LATIN AMERICA AND THE CARIBBEAN,CARIBBEAN,2032,77.23370000000011,70.12030000000011
BHR,BAHREIN,ASIA,WESTERN ASIA,Unknown,2032,80.41980000000005,78.17339999999994
BGD,BANGLADESH,ASIA,SOUTHERN ASIA,Unknown,2032,75.46910000000014,71.20410000000011
BRB,BARBADOS,AMERICAS,LATIN AMERICA AND THE CARIBBEAN,CARIBBEAN,2032,79.30089999999996,75.62220000000008
BLR,BELARÚS,EUROPE,EASTERN EUROPE,Unknown,2032,78.27200000000003,67.8456000000001
BLZ,BELICE,AMERICAS,LATIN AMERICA AND THE CARIBBEAN,CENTRAL AMERICA,2032,75.13009999999994,68.40990000000002
BEN,BENIN,AFRICA,SUB-SAHARAN AFRICA,WESTERN AFRICA,2032,61.61450000000004,58.325600000000094
BMU,BERMUDAS,AMERICAS,NORTHERN AMERICA,Unknown,2032,84.08580000000009,77.8019999999999
BTN,BHUTÁN,ASIA,SOUTHERN ASIA,Unknown,2032,73.65959999999994,70.03759999999996
BOL,BOLIVIA,AMERICAS,LATIN AMERICA AND THE CARIBBEAN,SOUTH AMERICA,2032,67.82729999999998,62.08070000000012
BIH,BOSNIA Y HERZEGOVINA,EUROPE,SOUTHERN EUROPE,Unknown,2032,77.66859999999998,73.36970000000005
BWA,BOTSWANA,AFRICA,SUB-SAHARAN AFRICA,SOUTHERN AFRICA,2032,67.10269999999998,62.143299999999954
BRA,BRASIL,AMERICAS,LATIN AMERICA AND THE CARIBBEAN,SOUTH AMERICA,2032,76.60160000000015,70.23480000000009
BRN,BRUNEI DARUSSALAM,ASIA,SOUTH-EASTERN ASIA,Unknown,2032,76.8217,72.55490000000015
BGR,BULGARIA,EUROPE,EASTERN EUROPE,Unknown,2032,77.31770000000013,70.03720000000008
BFA,BURKINA FASO,AFRICA,SUB-SAHARAN AFRICA,WESTERN AFRICA,2032,61.459500000000055,57.85759999999993
BDI,BURUNDI,AFRICA,SUB-SAHARAN AFRICA,EASTERN AFRICA,2032,63.81739999999994,59.93999999999997
BEL,BÉLGICA,EUROPE,WESTERN EUROPE,Unknown,2032,83.86499999999992,79.44400000000006
CPV,CABO VERDE,AFRICA,SUB-SAHARAN AFRICA,WESTERN AFRICA,2032,78.93610000000011,70.1776
KHM,CAMBOYA,ASIA,SOUTH-EASTERN ASIA,Unknown,2032,72.90199999999994,67.21519999999994
CMR,CAMERÚN,AFRICA,SUB-SAHARAN AFRICA,MIDDLE AFRICA,2032,62.46290000000011,59.30680000000004
CAN,CANADÁ,AMERICAS,NORTHERN AMERICA,Unknown,2032,83.74670000000002,79.20849999999997
TCD,CHAD,AFRICA,SUB-SAHARAN AFRICA,MIDDLE AFRICA,2032,54.74760000000004,51.23740000000008
CHL,CHILE,AMERICAS,LATIN AMERICA AND THE CARIBBEAN,SOUTH AMERICA,2032,81.66519999999998,76.84339999999997
CHN,CHINA,ASIA,EASTERN ASIA,Unknown,2032,81.22740000000007,75.78580000000004
CYP,CHIPRE,ASIA,WESTERN ASIA,Unknown,2032,83.50160000000001,79.74009999999997
COL,COLOMBIA,AMERICAS,LATIN AMERICA AND THE CARIBBEAN,SOUTH AMERICA,2032,77.23910000000005,70.43529999999993
COM,COMORAS,AFRICA,SUB-SAHARAN AFRICA,EASTERN AFRICA,2032,66.02770000000005,61.51740000000002
COG,"CONGO, REPÚBLICA DEL",AFRICA,SUB-SAHARAN AFRICA,MIDDLE AFRICA,2032,64.70989999999989,61.726200000000055
COD,"CONGO, REPÚBLICA DEMOCRÁTICA DEL",AFRICA,SUB-SAHARAN AFRICA,MIDDLE AFRICA,2032,61.93210000000009,57.52240000000006
KOR,"COREA, REPÚBLICA DE",ASIA,EASTERN ASIA,Unknown,2032,85.93900000000012,80.13499999999993
PRK,"COREA, REPÚBLICA POPULAR DEMOCRÁTICA DE",ASIA,EASTERN ASIA,Unknown,2032,76.26719999999992,70.87450000000001
CRI,COSTA RICA,AMERICAS,LATIN AMERICA AND THE CARIBBEAN,CENTRAL AMERICA,2032,80.15140000000002,74.9721000000001
HRV,CROACIA,EUROPE,SOUTHERN EUROPE,Unknown,2032,80.32599999999995,74.12820000000005
CUB,CUBA,AMERICAS,LATIN AMERICA AND THE CARIBBEAN,CARIBBEAN,2032,79.61360000000008,74.72209999999998
CUW,CURACAO,AMERICAS,LATIN AMERICA AND THE CARIBBEAN,CARIBBEAN,2032,80.21110000000004,74.72739999999996
CIV,CÔTE D'IVOIRE,AFRICA,SUB-SAHARAN AFRICA,WESTERN AFRICA,2032,60.228899999999996,57.65059999999993
DNK,DINAMARCA,EUROPE,NORTHERN EUROPE,Unknown,2032,83.10399999999996,79.5092
DJI,DJIBOUTI,AFRICA,SUB-SAHARAN AFRICA,EASTERN AFRICA,2032,65.43050000000005,60.21230000000002
DMA,DOMINICA,AMERICAS,LATIN AMERICA AND THE CARIBBEAN,CARIBBEAN,2032,76.56459999999997,69.99620000000006
ECU,ECUADOR,AMERICAS,LATIN AMERICA AND THE CARIBBEAN,SOUTH AMERICA,2032,79.4468999999999,73.74490000000011
EGY,"EGIPTO, REPÚBLICA ÁRABE DE",AFRICA,NORTHERN AFRICA,Unknown,2032,72.6905000000001,67.98899999999993
SLV,EL SALVADOR,AMERICAS,LATIN AMERICA AND THE CARIBBEAN,CENTRAL AMERICA,2032,75.96060000000007,66.64710000000002
ARE,EMIRATOS ÁRABES UNIDOS,ASIA,WESTERN ASIA,Unknown,2032,81.2321999999999,77.59110000000007
ERI,ERITREA,AFRICA,SUB-SAHARAN AFRICA,EASTERN AFRICA,2032,68.75850000000004,64.48290000000001
SVN,ESLOVENIA,EUROPE,SOUTHERN EUROPE,Unknown,2032,83.94370000000013,78.39300000000009
ESP,ESPAÑA,EUROPE,SOUTHERN EUROPE,Unknown,2032,85.88499999999988,80.3861999999999
USA,ESTADOS UNIDOS,AMERICAS,NORTHERN AMERICA,Unknown,2032,80.04799999999993,74.57400000000008
EST,ESTONIA,EUROPE,NORTHERN EUROPE,Unknown,2032,82.24799999999988,73.5700999999999
SWZ,ESWATINI,AFRICA,SUB-SAHARAN AFRICA,SOUTHERN AFRICA,2032,61.21550000000006,53.41949999999994
ETH,ETIOPÍA,AFRICA,SUB-SAHARAN AFRICA,EASTERN AFRICA,2032,68.71659999999991,62.45769999999993
RUS,FEDERACIÓN DE RUSIA,EUROPE,EASTERN EUROPE,Unknown,2032,76.93450000000016,66.85229999999996
FJI,FIJI,OCEANIA,MELANESIA,Unknown,2032,69.83489999999992,66.25590000000005
PHL,FILIPINAS,ASIA,SOUTH-EASTERN ASIA,Unknown,2032,73.54399999999998,69.32660000000003
FIN,FINLANDIA,EUROPE,NORTHERN EUROPE,Unknown,2032,84.21890000000009,78.86399999999995
FRA,FRANCIA,EUROPE,WESTERN EUROPE,Unknown,2032,85.31299999999992,79.41999999999993
GAB,GABÓN,AFRICA,SUB-SAHARAN AFRICA,MIDDLE AFRICA,2032,68.4964999999999,63.53219999999993
GMB,GAMBIA,AFRICA,SUB-SAHARAN AFRICA,WESTERN AFRICA,2032,64.13160000000003,61.24729999999991
GEO,GEORGIA,ASIA,WESTERN ASIA,Unknown,2032,76.73410000000003,67.29170000000008
GHA,GHANA,AFRICA,SUB-SAHARAN AFRICA,WESTERN AFRICA,2032,66.12220000000009,61.720100000000095
GIB,GIBRALTAR,EUROPE,SOUTHERN EUROPE,Unknown,2032,83.83319999999989,79.81410000000005
GRD,GRANADA,AMERICAS,LATIN AMERICA AND THE CARIBBEAN,CARIBBEAN,2032,78.37600000000003,72.72220000000007
GRC,GRECIA,EUROPE,SOUTHERN EUROPE,Unknown,2032,83.42490000000005,78.36420000000008
GRL,GROENLANDIA,AMERICAS,NORTHERN AMERICA,Unknown,2032,73.59739999999995,69.71210000000009
GUM,GUAM,OCEANIA,MICRONESIA,Unknown,2032,81.71490000000004,74.1392
GTM,GUATEMALA,AMERICAS,LATIN AMERICA AND THE CARIBBEAN,CENTRAL AMERICA,2032,72.53879999999998,66.32209999999993
GIN,GUINEA,AFRICA,SUB-SAHARAN AFRICA,WESTERN AFRICA,2032,60.2569999999999,57.64470000000006
GNQ,GUINEA ECUATORIAL,AFRICA,SUB-SAHARAN AFRICA,MIDDLE AFRICA,2032,63.09680000000002,59.2403
GNB,GUINEA-BISSAU,AFRICA,SUB-SAHARAN AFRICA,WESTERN AFRICA,2032,62.063800000000064,57.60420000000006
GUY,GUYANA,AMERICAS,LATIN AMERICA AND THE CARIBBEAN,SOUTH AMERICA,2032,69.81199999999991,63.24419999999995
HTI,HAITÍ,AMERICAS,LATIN AMERICA AND THE CARIBBEAN,CARIBBEAN,2032,66.62349999999988,60.81890000000002
HND,HONDURAS,AMERICAS,LATIN AMERICA AND THE CARIBBEAN,CENTRAL AMERICA,2032,72.89709999999992,68.76660000000005
HKG,"HONG KONG, REGIÓN ADMINISTRATIVA ESPECIAL",ASIA,EASTERN ASIA,Unknown,2032,87.04610000000011,81.4437999999999
HUN,HUNGRÍA,EUROPE,EASTERN EUROPE,Unknown,2032,79.13160000000002,72.15829999999991
IND,INDIA,ASIA,SOUTHERN ASIA,Unknown,2032,69.46810000000004,66.47530000000012
IDN,INDONESIA,ASIA,SOUTH-EASTERN ASIA,Unknown,2032,70.12519999999988,66.27840000000006
IRQ,IRAQ,ASIA,WESTERN ASIA,Unknown,2032,73.02899999999991,68.78279999999992
IRL,IRLANDA,EUROPE,NORTHERN EUROPE,Unknown,2032,84.56499999999988,81.07100000000008
IRN,"IRÁN, REPÚBLICA ISLÁMICA DEL",ASIA,SOUTHERN ASIA,Unknown,2032,77.61789999999996,72.08410000000005
IMN,ISLA DE MAN,EUROPE,NORTHERN EUROPE,Unknown,2032,82.67179999999983,78.95309999999999
MAF,ISLA DE SAN MARTÍN (PARTE FRANCESA),AMERICAS,LATIN AMERICA AND THE CARIBBEAN,CARIBBEAN,2032,83.59689999999993,77.27700000000003
ISL,ISLANDIA,EUROPE,NORTHERN EUROPE,Unknown,2032,83.8369999999999,81.23600000000005
CYM,ISLAS CAIMÁN,AMERICAS,LATIN AMERICA AND THE CARIBBEAN,CARIBBEAN,2032,82.74549999999992,78.2119999999999
FRO,ISLAS FEROE,EUROPE,NORTHERN EUROPE,Unknown,2032,84.99999999999993,81.1280000000001
MHL,ISLAS MARSHALL,OCEANIA,MICRONESIA,Unknown,2032,67.19640000000005,63.61950000000004
SLB,ISLAS SALOMÓN,OCEANIA,MELANESIA,Unknown,2032,72.19499999999995,69.1722
TCA,ISLAS TURCAS Y CAICOS,AMERICAS,LATIN AMERICA AND THE CARIBBEAN,CARIBBEAN,2032,77.89169999999986,72.37390000000009
VIR,ISLAS VÍRGENES (EE.UU.),AMERICAS,LATIN AMERICA AND THE CARIBBEAN,CARIBBEAN,2032,83.58799999999992,76.95600000000013
VGB,ISLAS VÍRGENES BRITÁNICAS,AMERICAS,LATIN AMERICA AND THE CARIBBEAN,CARIBBEAN,2032,78.14520000000009,72.87629999999994
ISR,ISRAEL,ASIA,WESTERN ASIA,Unknown,2032,84.73500000000008,80.63899999999994
ITA,ITALIA,EUROPE,SOUTHERN EUROPE,Unknown,2032,84.98099999999997,80.6619999999999
JAM,JAMAICA,AMERICAS,LATIN AMERICA AND THE CARIBBEAN,CARIBBEAN,2032,72.7905999999999,68.83489999999996
JPN,JAPÓN,ASIA,EASTERN ASIA,Unknown,2032,87.10960000000009,81.12600000000005
JOR,JORDANIA,ASIA,WESTERN ASIA,Unknown,2032,76.81160000000008,72.22849999999995
KAZ,KAZAJSTÁN,ASIA,CENTRAL ASIA,Unknown,2032,77.61849999999993,69.50850000000011
KEN,KENYA,AFRICA,SUB-SAHARAN AFRICA,EASTERN AFRICA,2032,64.62709999999997,59.64019999999993
KGZ,KIRGUISTÁN,ASIA,CENTRAL ASIA,Unknown,2032,76.85680000000006,68.68880000000004
KIR,KIRIBATI,OCEANIA,MICRONESIA,Unknown,2032,69.2585000000001,65.6431999999999
KWT,KUWAIT,ASIA,WESTERN ASIA,Unknown,2032,81.00940000000003,77.18690000000001
LSO,LESOTHO,AFRICA,SUB-SAHARAN AFRICA,SOUTHERN AFRICA,2032,56.14150000000004,50.58969999999999
LVA,LETONIA,EUROPE,NORTHERN EUROPE,Unknown,2032,79.4860000000001,70.01400000000007
LBR,LIBERIA,AFRICA,SUB-SAHARAN AFRICA,WESTERN AFRICA,2032,62.28350000000006,59.63500000000006
LBY,LIBIA,AFRICA,NORTHERN AFRICA,Unknown,2032,74.97680000000013,69.81379999999989
LIE,LIECHTENSTEIN,EUROPE,WESTERN EUROPE,Unknown,2032,85.58200000000006,82.6730000000001
LTU,LITUANIA,EUROPE,NORTHERN EUROPE,Unknown,2032,80.0010000000001,70.852
LUX,LUXEMBURGO,EUROPE,WESTERN EUROPE,Unknown,2032,85.16800000000008,80.64899999999993
LBN,LÍBANO,ASIA,WESTERN ASIA,Unknown,2032,77.55470000000008,73.40829999999994
MKD,MACEDONIA DEL NORTE,EUROPE,SOUTHERN EUROPE,Unknown,2032,76.5143999999999,72.03320000000005
MDG,MADAGASCAR,AFRICA,SUB-SAHARAN AFRICA,EASTERN AFRICA,2032,67.49389999999993,62.8397
MYS,MALASIA,ASIA,SOUTH-EASTERN ASIA,Unknown,2032,78.41300000000007,73.6082999999999
MWI,MALAWI,AFRICA,SUB-SAHARAN AFRICA,EASTERN AFRICA,2032,66.55659999999997,59.639699999999955
MDV,MALDIVAS,ASIA,SOUTHERN ASIA,Unknown,2032,81.41350000000011,79.71600000000012
MLT,MALTA,EUROPE,SOUTHERN EUROPE,Unknown,2032,84.6760000000001,80.68799999999993
MLI,MALÍ,AFRICA,SUB-SAHARAN AFRICA,WESTERN AFRICA,2032,60.58599999999992,57.95769999999997
MAR,MARRUECOS,AFRICA,NORTHERN AFRICA,Unknown,2032,76.73530000000007,72.58489999999992
MUS,MAURICIO,AFRICA,SUB-SAHARAN AFRICA,EASTERN AFRICA,2032,77.19780000000003,70.24310000000004
MRT,MAURITANIA,AFRICA,SUB-SAHARAN AFRICA,WESTERN AFRICA,2032,65.86109999999994,62.7931
FSM,MICRONESIA (ESTADOS FEDERADOS DE),OCEANIA,MICRONESIA,Unknown,2032,74.75909999999992,67.29849999999993
MNG,MONGOLIA,ASIA,EASTERN ASIA,Unknown,2032,76.86900000000004,67.63339999999997
MNE,MONTENEGRO,EUROPE,SOUTHERN EUROPE,Unknown,2032,78.61400000000009,73.16759999999992
MOZ,MOZAMBIQUE,AFRICA,SUB-SAHARAN AFRICA,EASTERN AFRICA,2032,62.757299999999944,56.589699999999965
MMR,MYANMAR,ASIA,SOUTH-EASTERN ASIA,Unknown,2032,70.52439999999986,63.82990000000006
MEX,MÉXICO,AMERICAS,LATIN AMERICA AND THE CARIBBEAN,CENTRAL AMERICA,2032,77.44219999999993,70.44060000000009
NAM,NAMIBIA,AFRICA,SUB-SAHARAN AFRICA,SOUTHERN AFRICA,2032,62.517099999999886,55.44930000000006
NRU,NAURU,OCEANIA,MICRONESIA,Unknown,2032,67.68810000000009,60.394200000000126
NPL,NEPAL,ASIA,SOUTHERN ASIA,Unknown,2032,71.67239999999988,67.90179999999991
NIC,NICARAGUA,AMERICAS,LATIN AMERICA AND THE CARIBBEAN,CENTRAL AMERICA,2032,77.23410000000014,71.29959999999994
NGA,NIGERIA,AFRICA,SUB-SAHARAN AFRICA,WESTERN AFRICA,2032,53.87350000000001,52.95240000000007
NOR,NORUEGA,EUROPE,NORTHERN EUROPE,Unknown,2032,84.46059999999994,81.19529999999999
NCL,NUEVA CALEDONIA,OCEANIA,MELANESIA,Unknown,2032,84.12659999999991,76.8245999999999
NZL,NUEVA ZELANDIA,OCEANIA,AUSTRALIA AND NEW ZEALAND,Unknown,2032,84.3279999999999,81.10319999999989
NER,NÍGER,AFRICA,SUB-SAHARAN AFRICA,WESTERN AFRICA,2032,63.081999999999915,60.793999999999954
OMN,OMÁN,ASIA,WESTERN ASIA,Unknown,2032,76.2860000000001,72.35239999999989
PAK,PAKISTÁN,ASIA,SOUTHERN ASIA,Unknown,2032,69.32930000000002,64.08140000000004
PLW,PALAU,OCEANIA,MICRONESIA,Unknown,2032,69.00050000000009,64.34710000000008
PAN,PANAMÁ,AMERICAS,LATIN AMERICA AND THE CARIBBEAN,CENTRAL AMERICA,2032,79.89820000000007,73.44189999999995
PNG,PAPUA NUEVA GUINEA,OCEANIA,MELANESIA,Unknown,2032,68.90560000000006,63.24250000000001
PRY,PARAGUAY,AMERICAS,LATIN AMERICA AND THE CARIBBEAN,SOUTH AMERICA,2032,73.89479999999995,68.12370000000007
NLD,PAÍSES BAJOS,EUROPE,WESTERN EUROPE,Unknown,2032,83.17599999999995,80.37600000000002
PER,PERÚ,AMERICAS,LATIN AMERICA AND THE CARIBBEAN,SOUTH AMERICA,2032,75.5996,71.46659999999996
PYF,POLINESIA FRANCESA,OCEANIA,POLYNESIA,Unknown,2032,85.03439999999989,80.01629999999999
POL,POLONIA,EUROPE,EASTERN EUROPE,Unknown,2032,80.98000000000009,72.9163
PRT,PORTUGAL,EUROPE,SOUTHERN EUROPE,Unknown,2032,84.46999999999998,78.7080000000001
PRI,PUERTO RICO,AMERICAS,LATIN AMERICA AND THE CARIBBEAN,CARIBBEAN,2032,84.01629999999994,75.48459999999993
QAT,QATAR,ASIA,WESTERN ASIA,Unknown,2032,81.95340000000004,79.63460000000012
MAC,"REGIÓN ADMINISTRATIVA ESPECIAL DE MACAO, CHINA",ASIA,EASTERN ASIA,Unknown,2032,87.77699999999986,82.52779999999998
GBR,REINO UNIDO,EUROPE,NORTHERN EUROPE,Unknown,2032,83.3620000000001,79.77629999999986
CAF,REPÚBLICA CENTROAFRICANA,AFRICA,SUB-SAHARAN AFRICA,MIDDLE AFRICA,2032,56.73539999999999,52.19420000000007
CZE,REPÚBLICA CHECA,EUROPE,EASTERN EUROPE,Unknown,2032,81.61960000000002,75.64259999999994
MDA,REPÚBLICA DE MOLDOVA,EUROPE,EASTERN EUROPE,Unknown,2032,73.68589999999998,64.62549999999997
LAO,REPÚBLICA DEMOCRÁTICA POPULAR LAO,ASIA,SOUTH-EASTERN ASIA,Unknown,2032,70.98089999999992,66.7145999999999
DOM,REPÚBLICA DOMINICANA,AMERICAS,LATIN AMERICA AND THE CARIBBEAN,CARIBBEAN,2032,77.12179999999998,70.4079
SVK,REPÚBLICA ESLOVACA,EUROPE,EASTERN EUROPE,Unknown,2032,79.97430000000004,72.98529999999991
SYR,REPÚBLICA ÁRABE SIRIA,ASIA,WESTERN ASIA,Unknown,2032,75.83829999999998,68.68380000000006
PSE,RIBERA OCCIDENTAL Y GAZA,ASIA,WESTERN ASIA,Unknown,2032,76.0230999999999,71.37140000000014
ROU,RUMANIA,EUROPE,EASTERN EUROPE,Unknown,2032,78.67760000000013,70.94129999999997
RWA,RWANDA,AFRICA,SUB-SAHARAN AFRICA,EASTERN AFRICA,2032,68.94119999999988,64.48730000000012
KNA,SAINT KITTS Y NEVIS,AMERICAS,LATIN AMERICA AND THE CARIBBEAN,CARIBBEAN,2032,75.52900000000008,68.53800000000007
WSM,SAMOA,OCEANIA,POLYNESIA,Unknown,2032,75.38289999999998,70.20909999999998
VCT,SAN VICENTE Y LAS GRANADINAS,AMERICAS,LATIN AMERICA AND THE CARIBBEAN,CARIBBEAN,2032,72.36289999999984,67.27509999999994
LCA,SANTA LUCÍA,AMERICAS,LATIN AMERICA AND THE CARIBBEAN,CARIBBEAN,2032,74.96620000000011,68.13340000000001
STP,SANTO TOMÉ Y PRÍNCIPE,AFRICA,SUB-SAHARAN AFRICA,MIDDLE AFRICA,2032,71.49829999999992,65.80070000000005
SEN,SENEGAL,AFRICA,SUB-SAHARAN AFRICA,WESTERN AFRICA,2032,70.10929999999995,65.42620000000004
SRB,SERBIA,EUROPE,SOUTHERN EUROPE,Unknown,2032,77.57539999999992,72.22730000000004
SYC,SEYCHELLES,AFRICA,SUB-SAHARAN AFRICA,EASTERN AFRICA,2032,76.45400000000002,71.5940000000001
SLE,SIERRA LEONA,AFRICA,SUB-SAHARAN AFRICA,WESTERN AFRICA,2032,61.70059999999994,58.96519999999997
SGP,SINGAPUR,ASIA,SOUTH-EASTERN ASIA,Unknown,2032,85.26349999999991,80.70969999999994
SXM,SINT MAARTEN (DUTCH PART),AMERICAS,LATIN AMERICA AND THE CARIBBEAN,CARIBBEAN,2032,76.99170000000005,71.22669999999998
SOM,SOMALIA,AFRICA,SUB-SAHARAN AFRICA,EASTERN AFRICA,2032,57.98899999999993,53.907399999999996
LKA,SRI LANKA,ASIA,SOUTHERN ASIA,Unknown,2032,79.99529999999986,72.88920000000003
ZAF,SUDÁFRICA,AFRICA,SUB-SAHARAN AFRICA,SOUTHERN AFRICA,2032,64.71820000000004,59.12950000000004
SDN,SUDÁN,AFRICA,NORTHERN AFRICA,Unknown,2032,68.10030000000006,62.97970000000001
SSD,SUDÁN DEL SUR,AFRICA,SUB-SAHARAN AFRICA,EASTERN AFRICA,2032,56.99470000000006,53.96759999999997
SWE,SUECIA,EUROPE,NORTHERN EUROPE,Unknown,2032,84.7446,81.37530000000001
CHE,SUIZA,EUROPE,WESTERN EUROPE,Unknown,2032,85.44299999999993,81.81300000000013
SUR,SURINAME,AMERICAS,LATIN AMERICA AND THE CARIBBEAN,SOUTH AMERICA,2032,73.81489999999997,67.40009999999995
THA,TAILANDIA,ASIA,SOUTH-EASTERN ASIA,Unknown,2032,83.59540000000004,75.11750000000008
TZA,TANZANÍA,AFRICA,SUB-SAHARAN AFRICA,EASTERN AFRICA,2032,68.68480000000008,64.15400000000004
TJK,TAYIKISTÁN,ASIA,CENTRAL ASIA,Unknown,2032,73.32740000000008,68.89219999999992
TLS,TIMOR-LESTE,ASIA,SOUTH-EASTERN ASIA,Unknown,2032,70.38360000000007,67.07129999999994
TGO,TOGO,AFRICA,SUB-SAHARAN AFRICA,WESTERN AFRICA,2032,62.184099999999916,60.77019999999991
TON,TONGA,OCEANIA,POLYNESIA,Unknown,2032,73.95519999999993,68.55759999999998
TTO,TRINIDAD Y TOBAGO,AMERICAS,LATIN AMERICA AND THE CARIBBEAN,CARIBBEAN,2032,76.89029999999988,70.76380000000005
TKM,TURKMENISTÁN,ASIA,CENTRAL ASIA,Unknown,2032,72.93570000000003,65.75740000000005
TUR,TURQUÍA,ASIA,WESTERN ASIA,Unknown,2032,80.74759999999999,74.59490000000007
TUV,TUVALU,OCEANIA,POLYNESIA,Unknown,2032,69.25420000000008,60.978400000000036
TUN,TÚNEZ,AFRICA,NORTHERN AFRICA,Unknown,2032,77.56759999999997,71.33449999999992
UKR,UCRANIA,EUROPE,EASTERN EUROPE,Unknown,2032,74.2690999999999,64.23920000000008
UGA,UGANDA,AFRICA,SUB-SAHARAN AFRICA,EASTERN AFRICA,2032,65.20959999999997,60.945699999999945
URY,URUGUAY,AMERICAS,LATIN AMERICA AND THE CARIBBEAN,SOUTH AMERICA,2032,80.9573999999999,73.64799999999987
UZB,UZBEKISTÁN,ASIA,CENTRAL ASIA,Unknown,2032,73.8631,68.66639999999997
VUT,VANUATU,OCEANIA,MELANESIA,Unknown,2032,72.95659999999992,68.42479999999993
VEN,VENEZUELA,AMERICAS,LATIN AMERICA AND THE CARIBBEAN,SOUTH AMERICA,2032,75.39439999999996,66.85730000000007
VNM,VIET NAM,ASIA,SOUTH-EASTERN ASIA,Unknown,2032,79.12679999999995,69.74930000000002
YEM,"YEMEN, REP. DEL",ASIA,WESTERN ASIA,Unknown,2032,67.36050000000006,60.69539999999994
ZMB,ZAMBIA,AFRICA,SUB-SAHARAN AFRICA,EASTERN AFRICA,2032,64.6796000000001,59.07070000000006
ZWE,ZIMBABWE,AFRICA,SUB-SAHARAN AFRICA,EASTERN AFRICA,2032,62.286500000000075,56.61930000000001
